,filename,corrcoeff
1,20170924_A12_tower_EO_12mm_0001.TIF,0.9786401360665261
2,20170924_A12_tower_EO_12mm_0002.TIF,0.9788038296019526
3,20170924_A12_tower_EO_12mm_0003.TIF,0.9798723497794116
4,20170924_A12_tower_EO_12mm_0004.TIF,0.9805990242788233
5,20170924_A12_tower_EO_12mm_0005.TIF,0.98049799226961
6,20170924_A12_tower_EO_12mm_0006.TIF,0.9798684235554764
7,20170924_A12_tower_EO_12mm_0007.TIF,0.7247055930629689
8,20170924_A12_tower_EO_12mm_0008.TIF,0.7230820512029174
9,20170924_A12_tower_EO_12mm_0009.TIF,0.9810560959821751
10,20170924_A12_tower_EO_12mm_0010.TIF,0.9808091673468721
11,20170924_A12_tower_EO_12mm_0011.TIF,0.9800860642629624
12,20170924_A12_tower_EO_12mm_0012.TIF,0.9795215064795638
13,20170924_A12_tower_EO_12mm_0013.TIF,0.9776739705510831
14,20170924_A12_tower_EO_12mm_0014.TIF,0.9768461408460645
15,20170924_A12_tower_EO_12mm_0015.TIF,0.9763987070749492
16,20170924_A12_tower_EO_12mm_0016.TIF,0.9771549855923718
17,20170924_A12_tower_EO_12mm_0017.TIF,0.9765884458811182
18,20170924_A12_tower_EO_12mm_0018.TIF,0.9763847571291009
19,20170924_A12_tower_EO_12mm_0019.TIF,0.975985990144011
20,20170924_A12_tower_EO_12mm_0020.TIF,0.9751183511496375
21,20170924_A12_tower_EO_12mm_0021.TIF,0.9754766683148951
22,20170924_A12_tower_EO_12mm_0022.TIF,0.9764297966907213
23,20170924_A12_tower_EO_12mm_0023.TIF,0.9766853610371399
24,20170924_A12_tower_EO_12mm_0024.TIF,0.9774581048784559
25,20170924_A12_tower_EO_12mm_0025.TIF,0.9771846351828443
26,20170924_A12_tower_EO_12mm_0026.TIF,0.9777171183255796
27,20170924_A12_tower_EO_12mm_0027.TIF,0.9776106194325599
28,20170924_A12_tower_EO_12mm_0028.TIF,0.9765952819371656
29,20170924_A12_tower_EO_12mm_0029.TIF,0.9754939771865161
30,20170924_A12_tower_EO_12mm_0030.TIF,0.9749486867871451
31,20170924_A12_tower_EO_12mm_0031.TIF,0.9752849076532049
32,20170924_A12_tower_EO_12mm_0032.TIF,0.9750477911215799
33,20170924_A12_tower_EO_12mm_0033.TIF,0.9756689578530899
34,20170924_A12_tower_EO_12mm_0034.TIF,0.9770461440258534
35,20170924_A12_tower_EO_12mm_0035.TIF,0.9771432621295268
36,20170924_A12_tower_EO_12mm_0036.TIF,0.9768771263358369
37,20170924_A12_tower_EO_12mm_0037.TIF,0.9768283492341566
38,20170924_A12_tower_EO_12mm_0038.TIF,0.9769684604883294
39,20170924_A12_tower_EO_12mm_0039.TIF,0.9776104260374615
40,20170924_A12_tower_EO_12mm_0040.TIF,0.9777405188114457
41,20170924_A12_tower_EO_12mm_0041.TIF,0.9772276117079598
42,20170924_A12_tower_EO_12mm_0042.TIF,0.9772874429540696
43,20170924_A12_tower_EO_12mm_0043.TIF,0.9773584943371779
44,20170924_A12_tower_EO_12mm_0044.TIF,0.9773805126583118
45,20170924_A12_tower_EO_12mm_0045.TIF,0.9771734766617376
46,20170924_A12_tower_EO_12mm_0046.TIF,0.9770624130461589
47,20170924_A12_tower_EO_12mm_0047.TIF,0.9765978675470287
48,20170924_A12_tower_EO_12mm_0048.TIF,0.9764098798057966
49,20170924_A12_tower_EO_12mm_0049.TIF,0.9771487635132519
50,20170924_A12_tower_EO_12mm_0050.TIF,0.978515283110323
51,20170924_A12_tower_EO_12mm_0051.TIF,0.9787358726179758
52,20170924_A12_tower_EO_12mm_0052.TIF,0.97960812605361
53,20170924_A12_tower_EO_12mm_0053.TIF,0.9791301827750208
54,20170924_A12_tower_EO_12mm_0054.TIF,0.9790508339917017
55,20170924_A12_tower_EO_12mm_0055.TIF,0.9801592015294153
56,20170924_A12_tower_EO_12mm_0056.TIF,0.980303958330229
57,20170924_A12_tower_EO_12mm_0057.TIF,0.9811547016536152
58,20170924_A12_tower_EO_12mm_0058.TIF,0.9816155614518784
59,20170924_A12_tower_EO_12mm_0059.TIF,0.9809165070440256
60,20170924_A12_tower_EO_12mm_0060.TIF,0.65623629529022
61,20170924_A12_tower_EO_12mm_0061.TIF,0.6509856062096745
62,20170924_A12_tower_EO_12mm_0062.TIF,0.9787077863098738
63,20170924_A12_tower_EO_12mm_0063.TIF,0.9788147294402159
64,20170924_A12_tower_EO_12mm_0064.TIF,0.979501913884834
65,20170924_A12_tower_EO_12mm_0065.TIF,0.9809217601425128
66,20170924_A12_tower_EO_12mm_0066.TIF,0.981042371025159
67,20170924_A12_tower_EO_12mm_0067.TIF,0.9812555172768616
68,20170924_A12_tower_EO_12mm_0068.TIF,0.9819989921132102
69,20170924_A12_tower_EO_12mm_0069.TIF,0.9819097834196825
70,20170924_A12_tower_EO_12mm_0070.TIF,0.9822889680039691
71,20170924_A12_tower_EO_12mm_0071.TIF,0.9816268178222354
72,20170924_A12_tower_EO_12mm_0072.TIF,0.9832532972358663
73,20170924_A12_tower_EO_12mm_0073.TIF,0.983654982366042
74,20170924_A12_tower_EO_12mm_0074.TIF,0.9836003142035402
75,20170924_A12_tower_EO_12mm_0075.TIF,0.9827233384297674
76,20170924_A12_tower_EO_12mm_0076.TIF,0.9830292305365818
77,20170924_A12_tower_EO_12mm_0077.TIF,0.9842575754562389
78,20170924_A12_tower_EO_12mm_0078.TIF,0.9846890566466023
79,20170924_A12_tower_EO_12mm_0079.TIF,0.9854763088303037
80,20170924_A12_tower_EO_12mm_0080.TIF,0.9855027886934438
81,20170924_A12_tower_EO_12mm_0081.TIF,0.9858932952745001
82,20170924_A12_tower_EO_12mm_0082.TIF,0.9856867046525863
83,20170924_A12_tower_EO_12mm_0083.TIF,0.9858423226525133
84,20170924_A12_tower_EO_12mm_0084.TIF,0.9863514756539048
85,20170924_A12_tower_EO_12mm_0085.TIF,0.9862376243577985
86,20170924_A12_tower_EO_12mm_0086.TIF,0.9860291618712973
87,20170924_A12_tower_EO_12mm_0087.TIF,0.9821351657842159
88,20170924_A12_tower_EO_12mm_0088.TIF,0.9830798340832959
89,20170924_A12_tower_EO_12mm_0089.TIF,0.9824671023042505
90,20170924_A12_tower_EO_12mm_0090.TIF,0.9820355299280698
91,20170924_A12_tower_EO_12mm_0091.TIF,0.9810291721254643
92,20170924_A12_tower_EO_12mm_0092.TIF,0.9807124487178598
93,20170924_A12_tower_EO_12mm_0093.TIF,0.9798495627134802
94,20170924_A12_tower_EO_12mm_0094.TIF,0.9794865145601266
95,20170924_A12_tower_EO_12mm_0095.TIF,0.9791050540566243
96,20170924_A12_tower_EO_12mm_0096.TIF,0.9780351465498869
97,20170924_A12_tower_EO_12mm_0097.TIF,0.9776469842970622
98,20170924_A12_tower_EO_12mm_0098.TIF,0.9774352714708967
99,20170924_A12_tower_EO_12mm_0099.TIF,0.976904480375675
100,20170924_A12_tower_EO_12mm_0100.TIF,0.9755284751026702
101,20170924_A12_tower_EO_12mm_0101.TIF,0.9761928198332107
102,20170924_A12_tower_EO_12mm_0102.TIF,0.9754620512722839
103,20170924_A12_tower_EO_12mm_0103.TIF,0.975286255874992
104,20170924_A12_tower_EO_12mm_0104.TIF,0.9756043277217407
105,20170924_A12_tower_EO_12mm_0105.TIF,0.9751056749536031
106,20170924_A12_tower_EO_12mm_0106.TIF,0.9762884551347859
107,20170924_A12_tower_EO_12mm_0107.TIF,0.9771088765227824
108,20170924_A12_tower_EO_12mm_0108.TIF,0.9765581985973668
109,20170924_A12_tower_EO_12mm_0109.TIF,0.9770522674025348
110,20170924_A12_tower_EO_12mm_0110.TIF,0.976931246284994
111,20170924_A12_tower_EO_12mm_0111.TIF,0.9772788921867854
112,20170924_A12_tower_EO_12mm_0112.TIF,0.9777058446465255
113,20170924_A12_tower_EO_12mm_0113.TIF,0.9780239768618724
114,20170924_A12_tower_EO_12mm_0114.TIF,0.9785594638558223
115,20170924_A12_tower_EO_12mm_0115.TIF,0.9776666482976669
116,20170924_A12_tower_EO_12mm_0116.TIF,0.7307889890192831
117,20170924_A12_tower_EO_12mm_0117.TIF,0.7404395654383737
118,20170924_A12_tower_EO_12mm_0118.TIF,0.9796616060559025
119,20170924_A12_tower_EO_12mm_0119.TIF,0.9803801894274697
120,20170924_A12_tower_EO_12mm_0120.TIF,0.9805317580370081
121,20170924_A12_tower_EO_12mm_0121.TIF,0.9801117577666407
122,20170924_A12_tower_EO_12mm_0122.TIF,0.9800614870493218
123,20170924_A12_tower_EO_12mm_0123.TIF,0.9792171476175111
124,20170924_A12_tower_EO_12mm_0124.TIF,0.9789085949281969
125,20170924_A12_tower_EO_12mm_0125.TIF,0.9794206021167068
126,20170924_A12_tower_EO_12mm_0126.TIF,0.977702886662345
127,20170924_A12_tower_EO_12mm_0127.TIF,0.9791516888566059
128,20170924_A12_tower_EO_12mm_0128.TIF,0.9793558918946388
129,20170924_A12_tower_EO_12mm_0129.TIF,0.9796057272012231
130,20170924_A12_tower_EO_12mm_0130.TIF,0.9789764575443396
131,20170924_A12_tower_EO_12mm_0131.TIF,0.9773927544955507
132,20170924_A12_tower_EO_12mm_0132.TIF,0.9784681954805196
133,20170924_A12_tower_EO_12mm_0133.TIF,0.9787233030038517
134,20170924_A12_tower_EO_12mm_0134.TIF,0.9781813379729059
135,20170924_A12_tower_EO_12mm_0135.TIF,0.9751072131657739
136,20170924_A12_tower_EO_12mm_0136.TIF,0.9761979185723956
137,20170924_A12_tower_EO_12mm_0137.TIF,0.7455682103208616
138,20170924_A12_tower_EO_12mm_0138.TIF,0.7459435800850606
139,20170924_A12_tower_EO_12mm_0139.TIF,0.9754000101608707
140,20170924_A12_tower_EO_12mm_0140.TIF,0.9774231658448768
141,20170924_A12_tower_EO_12mm_0141.TIF,0.9783668182429014
142,20170924_A12_tower_EO_12mm_0142.TIF,0.9794316388019574
143,20170924_A12_tower_EO_12mm_0143.TIF,0.9759687327078113
144,20170924_A12_tower_EO_12mm_0144.TIF,0.9754644405424255
145,20170924_A12_tower_EO_12mm_0145.TIF,0.9785903567796034
146,20170924_A12_tower_EO_12mm_0146.TIF,0.979439882344821
147,20170924_A12_tower_EO_12mm_0147.TIF,0.9791689437053435
148,20170924_A12_tower_EO_12mm_0148.TIF,0.9808803222099999
149,20170924_A12_tower_EO_12mm_0149.TIF,0.9816742387452446
150,20170924_A12_tower_EO_12mm_0150.TIF,0.9822303558425627
151,20170924_A12_tower_EO_12mm_0151.TIF,0.9830073545876837
152,20170924_A12_tower_EO_12mm_0152.TIF,0.9823747785676362
153,20170924_A12_tower_EO_12mm_0153.TIF,0.9823118572370831
154,20170924_A12_tower_EO_12mm_0154.TIF,0.9835586125913687
155,20170924_A12_tower_EO_12mm_0155.TIF,0.9832673916777985
156,20170924_A12_tower_EO_12mm_0156.TIF,0.9820420567828145
157,20170924_A12_tower_EO_12mm_0157.TIF,0.9825189174140637
158,20170924_A12_tower_EO_12mm_0158.TIF,0.9822549938399551
159,20170924_A12_tower_EO_12mm_0159.TIF,0.9821562312271912
160,20170924_A12_tower_EO_12mm_0160.TIF,0.9815961820357515
161,20170924_A12_tower_EO_12mm_0161.TIF,0.9794054271696933
162,20170924_A12_tower_EO_12mm_0162.TIF,0.9811806490364458
163,20170924_A12_tower_EO_12mm_0163.TIF,0.9789817273630147
164,20170924_A12_tower_EO_12mm_0164.TIF,0.9792083022309671
165,20170924_A12_tower_EO_12mm_0165.TIF,0.9783636789955469
166,20170924_A12_tower_EO_12mm_0166.TIF,0.9790922686257313
167,20170924_A12_tower_EO_12mm_0167.TIF,0.9784130557099971
168,20170924_A12_tower_EO_12mm_0168.TIF,0.9706149286380332
169,20170924_A12_tower_EO_12mm_0169.TIF,0.9750379351163762
170,20170924_A12_tower_EO_12mm_0170.TIF,0.9750312048360082
171,20170924_A12_tower_EO_12mm_0171.TIF,0.9741824551442816
172,20170924_A12_tower_EO_12mm_0172.TIF,0.9731210304276392
173,20170924_A12_tower_EO_12mm_0173.TIF,0.9738417259326545
174,20170924_A12_tower_EO_12mm_0174.TIF,0.9751479175705569
175,20170924_A12_tower_EO_12mm_0175.TIF,0.9737611658892579
176,20170924_A12_tower_EO_12mm_0176.TIF,0.9516465132821074
177,20170924_A12_tower_EO_12mm_0177.TIF,0.8280561390471844
178,20170924_A12_tower_EO_12mm_0178.TIF,0.8092061913746821
179,20170924_A12_tower_EO_12mm_0179.TIF,0.9720257374955051
180,20170924_A12_tower_EO_12mm_0180.TIF,0.9761098422782744
181,20170924_A12_tower_EO_12mm_0181.TIF,0.9765636083867936
182,20170924_A12_tower_EO_12mm_0182.TIF,0.9762726347917358
183,20170924_A12_tower_EO_12mm_0183.TIF,0.9783944706445173
184,20170924_A12_tower_EO_12mm_0184.TIF,0.9759783090186112
185,20170924_A12_tower_EO_12mm_0185.TIF,0.9697960743237983
186,20170924_A12_tower_EO_12mm_0186.TIF,0.9785312267718334
187,20170924_A12_tower_EO_12mm_0187.TIF,0.9732030931071574
188,20170924_A12_tower_EO_12mm_0188.TIF,0.9785963835545037
189,20170924_A12_tower_EO_12mm_0189.TIF,0.9780915892177439
190,20170924_A12_tower_EO_12mm_0190.TIF,0.977256317105261
191,20170924_A12_tower_EO_12mm_0191.TIF,0.9762005412348079
192,20170924_A12_tower_EO_12mm_0192.TIF,0.9735015881241104
193,20170924_A12_tower_EO_12mm_0193.TIF,0.9778637527500239
194,20170924_A12_tower_EO_12mm_0194.TIF,0.9750157608765915
195,20170924_A12_tower_EO_12mm_0195.TIF,0.9742635698426174
196,20170924_A12_tower_EO_12mm_0196.TIF,0.974609151370344
197,20170924_A12_tower_EO_12mm_0197.TIF,0.9764379325444109
198,20170924_A12_tower_EO_12mm_0198.TIF,0.9774065434176548
199,20170924_A12_tower_EO_12mm_0199.TIF,0.9695745962670078
200,20170924_A12_tower_EO_12mm_0200.TIF,0.9735037006772846
201,20170924_A12_tower_EO_12mm_0201.TIF,0.9751985459360711
202,20170924_A12_tower_EO_12mm_0202.TIF,0.9700041354700634
203,20170924_A12_tower_EO_12mm_0203.TIF,0.976577014370683
204,20170924_A12_tower_EO_12mm_0204.TIF,0.9767118480657736
205,20170924_A12_tower_EO_12mm_0205.TIF,0.9708966689982661
206,20170924_A12_tower_EO_12mm_0206.TIF,0.9769599456420274
207,20170924_A12_tower_EO_12mm_0207.TIF,0.9743551187991302
208,20170924_A12_tower_EO_12mm_0208.TIF,0.9733264264714125
209,20170924_A12_tower_EO_12mm_0209.TIF,0.9790862856266008
210,20170924_A12_tower_EO_12mm_0210.TIF,0.9782823866451447
211,20170924_A12_tower_EO_12mm_0211.TIF,0.9741145446985757
212,20170924_A12_tower_EO_12mm_0212.TIF,0.977296065791595
213,20170924_A12_tower_EO_12mm_0213.TIF,0.976384309419706
214,20170924_A12_tower_EO_12mm_0214.TIF,0.9766741748006724
215,20170924_A12_tower_EO_12mm_0215.TIF,0.9739873170909377
216,20170924_A12_tower_EO_12mm_0216.TIF,0.9754081402227518
217,20170924_A12_tower_EO_12mm_0217.TIF,0.9755135840842802
218,20170924_A12_tower_EO_12mm_0218.TIF,0.9720322611203321
219,20170924_A12_tower_EO_12mm_0219.TIF,0.9734170601344694
220,20170924_A12_tower_EO_12mm_0220.TIF,0.9711911673854229
221,20170924_A12_tower_EO_12mm_0221.TIF,0.9695783397864431
222,20170924_A12_tower_EO_12mm_0222.TIF,0.9683950822276338
223,20170924_A12_tower_EO_12mm_0223.TIF,0.9653095732823926
224,20170924_A12_tower_EO_12mm_0224.TIF,0.9672093452675947
225,20170924_A12_tower_EO_12mm_0225.TIF,0.968898290998433
226,20170924_A12_tower_EO_12mm_0226.TIF,0.9684995772038913
227,20170924_A12_tower_EO_12mm_0227.TIF,0.9681248897228177
228,20170924_A12_tower_EO_12mm_0228.TIF,0.9684518808146764
229,20170924_A12_tower_EO_12mm_0229.TIF,0.9681938728792772
230,20170924_A12_tower_EO_12mm_0230.TIF,0.9672196599935141
231,20170924_A12_tower_EO_12mm_0231.TIF,0.9662708959384966
232,20170924_A12_tower_EO_12mm_0232.TIF,0.9670772832942898
233,20170924_A12_tower_EO_12mm_0233.TIF,0.9665303933430678
234,20170924_A12_tower_EO_12mm_0234.TIF,0.9662533202416146
235,20170924_A12_tower_EO_12mm_0235.TIF,0.9634087204733914
236,20170924_A12_tower_EO_12mm_0236.TIF,0.9634480250518802
237,20170924_A12_tower_EO_12mm_0237.TIF,0.9300122152896741
238,20170924_A12_tower_EO_12mm_0238.TIF,0.9306850248482091
239,20170924_A12_tower_EO_12mm_0239.TIF,0.9642259316347428
240,20170924_A12_tower_EO_12mm_0240.TIF,0.9661430582801381
241,20170924_A12_tower_EO_12mm_0241.TIF,0.9667579963688759
242,20170924_A12_tower_EO_12mm_0242.TIF,0.9707020202545223
243,20170924_A12_tower_EO_12mm_0243.TIF,0.9718119006977025
244,20170924_A12_tower_EO_12mm_0244.TIF,0.8062302923874274
245,20170924_A12_tower_EO_12mm_0245.TIF,0.8215542009229596
246,20170924_A12_tower_EO_12mm_0246.TIF,0.9744349663447099
247,20170924_A12_tower_EO_12mm_0247.TIF,0.9731205242049412
248,20170924_A12_tower_EO_12mm_0248.TIF,0.9737172740693849
249,20170924_A12_tower_EO_12mm_0249.TIF,0.9750932932870141
250,20170924_A12_tower_EO_12mm_0250.TIF,0.9758724637268725
251,20170924_A12_tower_EO_12mm_0251.TIF,0.9767520108465725
252,20170924_A12_tower_EO_12mm_0252.TIF,0.9733439759064155
253,20170924_A12_tower_EO_12mm_0253.TIF,0.9740417809790268
254,20170924_A12_tower_EO_12mm_0254.TIF,0.9764456834275512
255,20170924_A12_tower_EO_12mm_0255.TIF,0.9728719038319278
256,20170924_A12_tower_EO_12mm_0256.TIF,0.9773239401332293
257,20170924_A12_tower_EO_12mm_0257.TIF,0.9771229410317888
258,20170924_A12_tower_EO_12mm_0258.TIF,0.9727005339908597
259,20170924_A12_tower_EO_12mm_0259.TIF,0.967285267152325
260,20170924_A12_tower_EO_12mm_0260.TIF,0.9749406736605554
261,20170924_A12_tower_EO_12mm_0261.TIF,0.9692912667536946
262,20170924_A12_tower_EO_12mm_0262.TIF,0.9774982731648713
263,20170924_A12_tower_EO_12mm_0263.TIF,0.9796036725156373
264,20170924_A12_tower_EO_12mm_0264.TIF,0.9796991974732802
265,20170924_A12_tower_EO_12mm_0265.TIF,0.9787636429668914
266,20170924_A12_tower_EO_12mm_0266.TIF,0.9758421659362938
267,20170924_A12_tower_EO_12mm_0267.TIF,0.9689551533275526
268,20170924_A12_tower_EO_12mm_0268.TIF,0.9729357180799035
269,20170924_A12_tower_EO_12mm_0269.TIF,0.9802290454713022
270,20170924_A12_tower_EO_12mm_0270.TIF,0.9817625625610334
271,20170924_A12_tower_EO_12mm_0271.TIF,0.9826031103381344
272,20170924_A12_tower_EO_12mm_0272.TIF,0.9826888637716482
273,20170924_A12_tower_EO_12mm_0273.TIF,0.9825568251887333
274,20170924_A12_tower_EO_12mm_0274.TIF,0.9816293119292524
275,20170924_A12_tower_EO_12mm_0275.TIF,0.9807756097847868
276,20170924_A12_tower_EO_12mm_0276.TIF,0.9812748574848704
277,20170924_A12_tower_EO_12mm_0277.TIF,0.9825544821687838
278,20170924_A12_tower_EO_12mm_0278.TIF,0.9806284940080316
279,20170924_A12_tower_EO_12mm_0279.TIF,0.979074263414221
280,20170924_A12_tower_EO_12mm_0280.TIF,0.982540346984571
281,20170924_A12_tower_EO_12mm_0281.TIF,0.9753020645888988
282,20170924_A12_tower_EO_12mm_0282.TIF,0.9767043920978677
283,20170924_A12_tower_EO_12mm_0283.TIF,0.9745781255281262
284,20170924_A12_tower_EO_12mm_0284.TIF,0.9780973081668377
285,20170924_A12_tower_EO_12mm_0285.TIF,0.9766177115084904
286,20170924_A12_tower_EO_12mm_0286.TIF,0.9757185371124727
287,20170924_A12_tower_EO_12mm_0287.TIF,0.9752757554015916
288,20170924_A12_tower_EO_12mm_0288.TIF,0.9749913704246239
289,20170924_A12_tower_EO_12mm_0289.TIF,0.9720178437691605
290,20170924_A12_tower_EO_12mm_0290.TIF,0.9748784925229413
291,20170924_A12_tower_EO_12mm_0291.TIF,0.9739023387410167
292,20170924_A12_tower_EO_12mm_0292.TIF,0.9726134490147827
293,20170924_A12_tower_EO_12mm_0293.TIF,0.9737795174073608
294,20170924_A12_tower_EO_12mm_0294.TIF,0.9705706644378974
295,20170924_A12_tower_EO_12mm_0295.TIF,0.9721965110457079
296,20170924_A12_tower_EO_12mm_0296.TIF,0.9705069024918244
297,20170924_A12_tower_EO_12mm_0297.TIF,0.9730562704866166
298,20170924_A12_tower_EO_12mm_0298.TIF,0.9735234786840211
299,20170924_A12_tower_EO_12mm_0299.TIF,0.9723211363683704
300,20170924_A12_tower_EO_12mm_0300.TIF,0.9760657697982347
301,20170924_A12_tower_EO_12mm_0301.TIF,0.9748914973287215
302,20170924_A12_tower_EO_12mm_0302.TIF,0.9753415347167707
303,20170924_A12_tower_EO_12mm_0303.TIF,0.9747808730873103
304,20170924_A12_tower_EO_12mm_0304.TIF,0.9752985478348541
305,20170924_A12_tower_EO_12mm_0305.TIF,0.9729692725285001
306,20170924_A12_tower_EO_12mm_0306.TIF,0.9748936465693987
307,20170924_A12_tower_EO_12mm_0307.TIF,0.9720201242958342
308,20170924_A12_tower_EO_12mm_0308.TIF,0.9696233661050108
309,20170924_A12_tower_EO_12mm_0309.TIF,0.9731810723623656
310,20170924_A12_tower_EO_12mm_0310.TIF,0.9744119680775483
311,20170924_A12_tower_EO_12mm_0311.TIF,0.972072390988537
312,20170924_A12_tower_EO_12mm_0312.TIF,0.974610869419258
313,20170924_A12_tower_EO_12mm_0313.TIF,0.9695190626847707
314,20170924_A12_tower_EO_12mm_0314.TIF,0.9736473481887066
315,20170924_A12_tower_EO_12mm_0315.TIF,0.9706741109321403
316,20170924_A12_tower_EO_12mm_0316.TIF,0.9730645434791335
317,20170924_A12_tower_EO_12mm_0317.TIF,0.9732055135191187
318,20170924_A12_tower_EO_12mm_0318.TIF,0.971990805421079
319,20170924_A12_tower_EO_12mm_0319.TIF,0.9747955403611781
320,20170924_A12_tower_EO_12mm_0320.TIF,0.9722579460659098
321,20170924_A12_tower_EO_12mm_0321.TIF,0.9739874355507994
322,20170924_A12_tower_EO_12mm_0322.TIF,0.9744896374117121
323,20170924_A12_tower_EO_12mm_0323.TIF,0.9747104510381346
324,20170924_A12_tower_EO_12mm_0324.TIF,0.976185365512854
325,20170924_A12_tower_EO_12mm_0325.TIF,0.9760972624008588
326,20170924_A12_tower_EO_12mm_0326.TIF,0.9745823302989938
327,20170924_A12_tower_EO_12mm_0327.TIF,0.9762563053613231
328,20170924_A12_tower_EO_12mm_0328.TIF,0.9748094883235697
329,20170924_A12_tower_EO_12mm_0329.TIF,0.9768614162619309
330,20170924_A12_tower_EO_12mm_0330.TIF,0.9773897231281637
331,20170924_A12_tower_EO_12mm_0331.TIF,0.9769351791858226
332,20170924_A12_tower_EO_12mm_0332.TIF,0.9761969499391877
333,20170924_A12_tower_EO_12mm_0333.TIF,0.9761967002702092
334,20170924_A12_tower_EO_12mm_0334.TIF,0.9762830356542712
335,20170924_A12_tower_EO_12mm_0335.TIF,0.9748236086121614
336,20170924_A12_tower_EO_12mm_0336.TIF,0.9753321732129064
337,20170924_A12_tower_EO_12mm_0337.TIF,0.9758071857429933
338,20170924_A12_tower_EO_12mm_0338.TIF,0.9761343705004943
339,20170924_A12_tower_EO_12mm_0339.TIF,0.9766339486732968
340,20170924_A12_tower_EO_12mm_0340.TIF,0.9767228934395332
341,20170924_A12_tower_EO_12mm_0341.TIF,0.9767486164396791
342,20170924_A12_tower_EO_12mm_0342.TIF,0.9765280963253733
343,20170924_A12_tower_EO_12mm_0343.TIF,0.9754288660082027
344,20170924_A12_tower_EO_12mm_0344.TIF,0.9733321772378486
345,20170924_A12_tower_EO_12mm_0345.TIF,0.9710208045908325
346,20170924_A12_tower_EO_12mm_0346.TIF,0.9695758586775747
347,20170924_A12_tower_EO_12mm_0347.TIF,0.968648692836865
348,20170924_A12_tower_EO_12mm_0348.TIF,0.9674222303938099
349,20170924_A12_tower_EO_12mm_0349.TIF,0.9693498993302107
350,20170924_A12_tower_EO_12mm_0350.TIF,0.9689150567530284
351,20170924_A12_tower_EO_12mm_0351.TIF,0.968607072387681
352,20170924_A12_tower_EO_12mm_0352.TIF,0.966457448348283
353,20170924_A12_tower_EO_12mm_0353.TIF,0.9668737328137385
354,20170924_A12_tower_EO_12mm_0354.TIF,0.9687068097674342
355,20170924_A12_tower_EO_12mm_0355.TIF,0.969249679819438
356,20170924_A12_tower_EO_12mm_0356.TIF,0.9699714228538612
357,20170924_A12_tower_EO_12mm_0357.TIF,0.9710152112706313
358,20170924_A12_tower_EO_12mm_0358.TIF,0.9703111787957467
359,20170924_A12_tower_EO_12mm_0359.TIF,0.9727923611746252
360,20170924_A12_tower_EO_12mm_0360.TIF,0.9732695820108784
361,20170924_A12_tower_EO_12mm_0361.TIF,0.9738722744464188
362,20170924_A12_tower_EO_12mm_0362.TIF,0.9741786906601998
363,20170924_A12_tower_EO_12mm_0363.TIF,0.9788261671543113
364,20170924_A12_tower_EO_12mm_0364.TIF,0.9804023738485526
365,20170924_A12_tower_EO_12mm_0365.TIF,0.9803617876786336
366,20170924_A12_tower_EO_12mm_0366.TIF,0.9797465099518832
367,20170924_A12_tower_EO_12mm_0367.TIF,0.9805679769490353
368,20170924_A12_tower_EO_12mm_0368.TIF,0.9799029684065473
369,20170924_A12_tower_EO_12mm_0369.TIF,0.9783233628382026
370,20170924_A12_tower_EO_12mm_0370.TIF,0.9774839009093008
371,20170924_A12_tower_EO_12mm_0371.TIF,0.9762741909027516
372,20170924_A12_tower_EO_12mm_0372.TIF,0.9563785788565291
373,20170924_A12_tower_EO_12mm_0373.TIF,0.9535069671052996
374,20170924_A12_tower_EO_12mm_0374.TIF,0.9747114071441917
375,20170924_A12_tower_EO_12mm_0375.TIF,0.9708040814099023
376,20170924_A12_tower_EO_12mm_0376.TIF,0.975618409427903
377,20170924_A12_tower_EO_12mm_0377.TIF,0.9760325510061878
378,20170924_A12_tower_EO_12mm_0378.TIF,0.9758946862076588
379,20170924_A12_tower_EO_12mm_0379.TIF,0.9758980544560567
380,20170924_A12_tower_EO_12mm_0380.TIF,0.9757160225756347
381,20170924_A12_tower_EO_12mm_0381.TIF,0.9766945712559415
382,20170924_A12_tower_EO_12mm_0382.TIF,0.9764083801302921
383,20170924_A12_tower_EO_12mm_0383.TIF,0.9778839132333109
384,20170924_A12_tower_EO_12mm_0384.TIF,0.9727286653994779
385,20170924_A12_tower_EO_12mm_0385.TIF,0.9778431169374856
386,20170924_A12_tower_EO_12mm_0386.TIF,0.9766590422180568
387,20170924_A12_tower_EO_12mm_0387.TIF,0.975969085164896
388,20170924_A12_tower_EO_12mm_0388.TIF,0.7908256575773709
389,20170924_A12_tower_EO_12mm_0389.TIF,0.7946740094585455
390,20170924_A12_tower_EO_12mm_0390.TIF,0.9770753267741503
391,20170924_A12_tower_EO_12mm_0391.TIF,0.9787030219775038
392,20170924_A12_tower_EO_12mm_0392.TIF,0.9799009326463928
393,20170924_A12_tower_EO_12mm_0393.TIF,0.9808694277073448
394,20170924_A12_tower_EO_12mm_0394.TIF,0.9814010390199983
395,20170924_A12_tower_EO_12mm_0395.TIF,0.98019259958755
396,20170924_A12_tower_EO_12mm_0396.TIF,0.9811910186251107
397,20170924_A12_tower_EO_12mm_0397.TIF,0.9841947298256756
398,20170924_A12_tower_EO_12mm_0398.TIF,0.9838949158283932
399,20170924_A12_tower_EO_12mm_0399.TIF,0.9843871188184456
400,20170924_A12_tower_EO_12mm_0400.TIF,0.9853170989040525
401,20170924_A12_tower_EO_12mm_0401.TIF,0.9830868940175181
402,20170924_A12_tower_EO_12mm_0402.TIF,0.9476947619171828
403,20170924_A12_tower_EO_12mm_0403.TIF,0.9459899203081347
404,20170924_A12_tower_EO_12mm_0404.TIF,0.9850573004911365
405,20170924_A12_tower_EO_12mm_0405.TIF,0.9840860222095273
406,20170924_A12_tower_EO_12mm_0406.TIF,0.9836870607843367
407,20170924_A12_tower_EO_12mm_0407.TIF,0.9831202853302748
408,20170924_A12_tower_EO_12mm_0408.TIF,0.9831508451316353
409,20170924_A12_tower_EO_12mm_0409.TIF,0.9823411895691991
410,20170924_A12_tower_EO_12mm_0410.TIF,0.9826337288045994
411,20170924_A12_tower_EO_12mm_0411.TIF,0.9822808348917145
412,20170924_A12_tower_EO_12mm_0412.TIF,0.9791108075907005
413,20170924_A12_tower_EO_12mm_0413.TIF,0.9796823243557782
414,20170924_A12_tower_EO_12mm_0414.TIF,0.9805773283585357
415,20170924_A12_tower_EO_12mm_0415.TIF,0.9817674732938855
416,20170924_A12_tower_EO_12mm_0416.TIF,0.9824860751641051
417,20170924_A12_tower_EO_12mm_0417.TIF,0.9819554270780358
418,20170924_A12_tower_EO_12mm_0418.TIF,0.9822534799872233
419,20170924_A12_tower_EO_12mm_0419.TIF,0.9821939584939837
420,20170924_A12_tower_EO_12mm_0420.TIF,0.9806944631803214
421,20170924_A12_tower_EO_12mm_0421.TIF,0.9815314758595222
422,20170924_A12_tower_EO_12mm_0422.TIF,0.9824349593404759
423,20170924_A12_tower_EO_12mm_0423.TIF,0.9820593182542053
424,20170924_A12_tower_EO_12mm_0424.TIF,0.9828245600950941
425,20170924_A12_tower_EO_12mm_0425.TIF,0.9831265635547985
426,20170924_A12_tower_EO_12mm_0426.TIF,0.9836842633544434
427,20170924_A12_tower_EO_12mm_0427.TIF,0.9835459347590864
428,20170924_A12_tower_EO_12mm_0428.TIF,0.9832565650788734
429,20170924_A12_tower_EO_12mm_0429.TIF,0.9828149008417406
430,20170924_A12_tower_EO_12mm_0430.TIF,0.9834467907796112
431,20170924_A12_tower_EO_12mm_0431.TIF,0.9829992173989559
432,20170924_A12_tower_EO_12mm_0432.TIF,0.984205962794295
433,20170924_A12_tower_EO_12mm_0433.TIF,0.9841016466220869
434,20170924_A12_tower_EO_12mm_0434.TIF,0.9840119515638335
435,20170924_A12_tower_EO_12mm_0435.TIF,0.9837423247994919
436,20170924_A12_tower_EO_12mm_0436.TIF,0.9833236645883385
437,20170924_A12_tower_EO_12mm_0437.TIF,0.9811058349470381
438,20170924_A12_tower_EO_12mm_0438.TIF,0.9820005305347905
439,20170924_A12_tower_EO_12mm_0439.TIF,0.9807471945338727
440,20170924_A12_tower_EO_12mm_0440.TIF,0.9818419499739118
441,20170924_A12_tower_EO_12mm_0441.TIF,0.9817727881912758
442,20170924_A12_tower_EO_12mm_0442.TIF,0.980867503697842
443,20170924_A12_tower_EO_12mm_0443.TIF,0.9807264141723853
444,20170924_A12_tower_EO_12mm_0444.TIF,0.9792566229703924
445,20170924_A12_tower_EO_12mm_0445.TIF,0.9801460098313102
446,20170924_A12_tower_EO_12mm_0446.TIF,0.8935618364269071
447,20170924_A12_tower_EO_12mm_0447.TIF,0.894678113682121
448,20170924_A12_tower_EO_12mm_0448.TIF,0.98089871417425
449,20170924_A12_tower_EO_12mm_0449.TIF,0.9799334039988493
450,20170924_A12_tower_EO_12mm_0450.TIF,0.980339754980371
451,20170924_A12_tower_EO_12mm_0451.TIF,0.9779564221380651
452,20170924_A12_tower_EO_12mm_0452.TIF,0.9793037662433803
453,20170924_A12_tower_EO_12mm_0453.TIF,0.9788212055083788
454,20170924_A12_tower_EO_12mm_0454.TIF,0.9796283586856602
455,20170924_A12_tower_EO_12mm_0455.TIF,0.9794686296812605
456,20170924_A12_tower_EO_12mm_0456.TIF,0.980236845025152
457,20170924_A12_tower_EO_12mm_0457.TIF,0.9807570612284843
458,20170924_A12_tower_EO_12mm_0458.TIF,0.9796503790354626
459,20170924_A12_tower_EO_12mm_0459.TIF,0.9798406080091582
460,20170924_A12_tower_EO_12mm_0460.TIF,0.9772143327720991
461,20170924_A12_tower_EO_12mm_0461.TIF,0.9789951171144642
462,20170924_A12_tower_EO_12mm_0462.TIF,0.9799590140315325
463,20170924_A12_tower_EO_12mm_0463.TIF,0.9795087370785808
464,20170924_A12_tower_EO_12mm_0464.TIF,0.9767528894149826
465,20170924_A12_tower_EO_12mm_0465.TIF,0.9748476226024237
466,20170924_A12_tower_EO_12mm_0466.TIF,0.9701078269986119
467,20170924_A12_tower_EO_12mm_0467.TIF,0.972583894931268
468,20170924_A12_tower_EO_12mm_0468.TIF,0.9659247218550414
469,20170924_A12_tower_EO_12mm_0469.TIF,0.9702824381130626
470,20170924_A12_tower_EO_12mm_0470.TIF,0.974899019480023
471,20170924_A12_tower_EO_12mm_0471.TIF,0.9756542454367321
472,20170924_A12_tower_EO_12mm_0472.TIF,0.975066995444597
473,20170924_A12_tower_EO_12mm_0473.TIF,0.9745062506981196
474,20170924_A12_tower_EO_12mm_0474.TIF,0.9763703359404086
475,20170924_A12_tower_EO_12mm_0475.TIF,0.49813514598265923
476,20170924_A12_tower_EO_12mm_0476.TIF,0.5001891557073203
477,20170924_A12_tower_EO_12mm_0477.TIF,0.9726685107831173
478,20170924_A12_tower_EO_12mm_0478.TIF,0.9754408901714534
479,20170924_A12_tower_EO_12mm_0479.TIF,0.973144027004216
480,20170924_A12_tower_EO_12mm_0480.TIF,0.9781013359453733
481,20170924_A12_tower_EO_12mm_0481.TIF,0.9761179433183069
482,20170924_A12_tower_EO_12mm_0482.TIF,0.9767141333939073
483,20170924_A12_tower_EO_12mm_0483.TIF,0.9752510229326833
484,20170924_A12_tower_EO_12mm_0484.TIF,0.972451525787346
485,20170924_A12_tower_EO_12mm_0485.TIF,0.9756164058392812
486,20170924_A12_tower_EO_12mm_0486.TIF,0.965195715653866
487,20170924_A12_tower_EO_12mm_0487.TIF,0.9761238418510753
488,20170924_A12_tower_EO_12mm_0488.TIF,0.9792531422780001
489,20170924_A12_tower_EO_12mm_0489.TIF,0.9790341910906873
490,20170924_A12_tower_EO_12mm_0490.TIF,0.9796658056635535
491,20170924_A12_tower_EO_12mm_0491.TIF,0.9782623185776864
492,20170924_A12_tower_EO_12mm_0492.TIF,0.9752747524587544
493,20170924_A12_tower_EO_12mm_0493.TIF,0.9799962355534331
494,20170924_A12_tower_EO_12mm_0494.TIF,0.9783539963518896
495,20170924_A12_tower_EO_12mm_0495.TIF,0.9788822898682759
496,20170924_A12_tower_EO_12mm_0496.TIF,0.9774618645649187
497,20170924_A12_tower_EO_12mm_0497.TIF,0.9794534383184306
498,20170924_A12_tower_EO_12mm_0498.TIF,0.9807049404708009
499,20170924_A12_tower_EO_12mm_0499.TIF,0.9741192121115975
500,20170924_A12_tower_EO_12mm_0500.TIF,0.9770030826321836
501,20170924_A12_tower_EO_12mm_0501.TIF,0.978651022246628
502,20170924_A12_tower_EO_12mm_0502.TIF,0.9809074606518243
503,20170924_A12_tower_EO_12mm_0503.TIF,0.9809600682544313
504,20170924_A12_tower_EO_12mm_0504.TIF,0.9785360909873719
505,20170924_A12_tower_EO_12mm_0505.TIF,0.9804007230372335
506,20170924_A12_tower_EO_12mm_0506.TIF,0.977630748230283
507,20170924_A12_tower_EO_12mm_0507.TIF,0.9778142946581301
508,20170924_A12_tower_EO_12mm_0508.TIF,0.9761282001332241
509,20170924_A12_tower_EO_12mm_0509.TIF,0.9735204951294366
510,20170924_A12_tower_EO_12mm_0510.TIF,0.9765159573518634
511,20170924_A12_tower_EO_12mm_0511.TIF,0.9759381397034579
512,20170924_A12_tower_EO_12mm_0512.TIF,0.9744099332106749
513,20170924_A12_tower_EO_12mm_0513.TIF,0.9733875019793327
514,20170924_A12_tower_EO_12mm_0514.TIF,0.9717247041110051
515,20170924_A12_tower_EO_12mm_0515.TIF,0.973414162918851
516,20170924_A12_tower_EO_12mm_0516.TIF,0.9723585949295919
517,20170924_A12_tower_EO_12mm_0517.TIF,0.9739007527670164
518,20170924_A12_tower_EO_12mm_0518.TIF,0.9746152510801808
519,20170924_A12_tower_EO_12mm_0519.TIF,0.974613471547302
520,20170924_A12_tower_EO_12mm_0520.TIF,0.9741786127387507
521,20170924_A12_tower_EO_12mm_0521.TIF,0.9745105742590208
522,20170924_A12_tower_EO_12mm_0522.TIF,0.9739854361313597
523,20170924_A12_tower_EO_12mm_0523.TIF,0.9770832461259088
524,20170924_A12_tower_EO_12mm_0524.TIF,0.9760989321564437
525,20170924_A12_tower_EO_12mm_0525.TIF,0.9781973795449301
526,20170924_A12_tower_EO_12mm_0526.TIF,0.9785694466830689
527,20170924_A12_tower_EO_12mm_0527.TIF,0.9791729822699045
528,20170924_A12_tower_EO_12mm_0528.TIF,0.5563266987043837
529,20170924_A12_tower_EO_12mm_0529.TIF,0.5481768605214221
530,20170924_A12_tower_EO_12mm_0530.TIF,0.9800457052684903
531,20170924_A12_tower_EO_12mm_0531.TIF,0.9803101292410603
532,20170924_A12_tower_EO_12mm_0532.TIF,0.9785508489891864
533,20170924_A12_tower_EO_12mm_0533.TIF,0.9789219666414761
534,20170924_A12_tower_EO_12mm_0534.TIF,0.6713245957591587
535,20170924_A12_tower_EO_12mm_0535.TIF,0.6775885242427406
536,20170924_A12_tower_EO_12mm_0536.TIF,0.9787868300972089
537,20170924_A12_tower_EO_12mm_0537.TIF,0.9776532919164622
538,20170924_A12_tower_EO_12mm_0538.TIF,0.9769640139532217
539,20170924_A12_tower_EO_12mm_0539.TIF,0.9756477098142948
540,20170924_A12_tower_EO_12mm_0540.TIF,0.9745364519507961
541,20170924_A12_tower_EO_12mm_0541.TIF,0.975534482146814
542,20170924_A12_tower_EO_12mm_0542.TIF,0.9744191573238542
543,20170924_A12_tower_EO_12mm_0543.TIF,0.9738728998958227
544,20170924_A12_tower_EO_12mm_0544.TIF,0.9672823834064043
545,20170924_A12_tower_EO_12mm_0545.TIF,0.9708400288300771
546,20170924_A12_tower_EO_12mm_0546.TIF,0.9726969379229482
547,20170924_A12_tower_EO_12mm_0547.TIF,0.9706446686340722
548,20170924_A12_tower_EO_12mm_0548.TIF,0.9736074332375074
549,20170924_A12_tower_EO_12mm_0549.TIF,0.9732033677349299
550,20170924_A12_tower_EO_12mm_0550.TIF,0.9739023369903492
551,20170924_A12_tower_EO_12mm_0551.TIF,0.9744124428439168
552,20170924_A12_tower_EO_12mm_0552.TIF,0.9697666574136656
553,20170924_A12_tower_EO_12mm_0553.TIF,0.9770437862293339
554,20170924_A12_tower_EO_12mm_0554.TIF,0.9752435296071248
555,20170924_A12_tower_EO_12mm_0555.TIF,0.9758086989687372
556,20170924_A12_tower_EO_12mm_0556.TIF,0.97393461760226
557,20170924_A12_tower_EO_12mm_0557.TIF,0.9748886463426444
558,20170924_A12_tower_EO_12mm_0558.TIF,0.9788928480473307
559,20170924_A12_tower_EO_12mm_0559.TIF,0.9783044211145594
560,20170924_A12_tower_EO_12mm_0560.TIF,0.9737341158050165
561,20170924_A12_tower_EO_12mm_0561.TIF,0.9768676580580452
562,20170924_A12_tower_EO_12mm_0562.TIF,0.9753252895773432
563,20170924_A12_tower_EO_12mm_0563.TIF,0.977205320174325
564,20170924_A12_tower_EO_12mm_0564.TIF,0.976396569770104
565,20170924_A12_tower_EO_12mm_0565.TIF,0.9760856788687323
566,20170924_A12_tower_EO_12mm_0566.TIF,0.9753701516969273
567,20170924_A12_tower_EO_12mm_0567.TIF,0.9746050447426324
568,20170924_A12_tower_EO_12mm_0568.TIF,0.9729092174776001
569,20170924_A12_tower_EO_12mm_0569.TIF,0.9744452847285057
570,20170924_A12_tower_EO_12mm_0570.TIF,0.9731315264235287
571,20170924_A12_tower_EO_12mm_0571.TIF,0.9745145143706987
572,20170924_A12_tower_EO_12mm_0572.TIF,0.9742036105808212
573,20170924_A12_tower_EO_12mm_0573.TIF,0.9743047624376293
574,20170924_A12_tower_EO_12mm_0574.TIF,0.974952098567797
575,20170924_A12_tower_EO_12mm_0575.TIF,0.9725339695400093
576,20170924_A12_tower_EO_12mm_0576.TIF,0.9760322440478086
577,20170924_A12_tower_EO_12mm_0577.TIF,0.9759248510656023
578,20170924_A12_tower_EO_12mm_0578.TIF,0.9793494446290663
579,20170924_A12_tower_EO_12mm_0579.TIF,0.9798087065870696
580,20170924_A12_tower_EO_12mm_0580.TIF,0.9809583984071656
581,20170924_A12_tower_EO_12mm_0581.TIF,0.9809176360494605
582,20170924_A12_tower_EO_12mm_0582.TIF,0.9813908177625634
583,20170924_A12_tower_EO_12mm_0583.TIF,0.9777297181917767
584,20170924_A12_tower_EO_12mm_0584.TIF,0.9555403812998216
585,20170924_A12_tower_EO_12mm_0585.TIF,0.9551321179686597
586,20170924_A12_tower_EO_12mm_0586.TIF,0.9801269127376435
587,20170924_A12_tower_EO_12mm_0587.TIF,0.9803667501406464
588,20170924_A12_tower_EO_12mm_0588.TIF,0.9780546758208286
589,20170924_A12_tower_EO_12mm_0589.TIF,0.9784018948234294
590,20170924_A12_tower_EO_12mm_0590.TIF,0.9757073669281513
591,20170924_A12_tower_EO_12mm_0591.TIF,0.9768595422030759
592,20170924_A12_tower_EO_12mm_0592.TIF,0.9775750181184748
593,20170924_A12_tower_EO_12mm_0593.TIF,0.9733942274333507
594,20170924_A12_tower_EO_12mm_0594.TIF,0.9778085969085366
595,20170924_A12_tower_EO_12mm_0595.TIF,0.9785699197889325
596,20170924_A12_tower_EO_12mm_0596.TIF,0.978634951544823
597,20170924_A12_tower_EO_12mm_0597.TIF,0.9785777160240493
598,20170924_A12_tower_EO_12mm_0598.TIF,0.9774542143694797
599,20170924_A12_tower_EO_12mm_0599.TIF,0.9775042148779527
600,20170924_A12_tower_EO_12mm_0600.TIF,0.9787532249547533
601,20170924_A12_tower_EO_12mm_0601.TIF,0.9781947741251555
602,20170924_A12_tower_EO_12mm_0602.TIF,0.9775501545664159
603,20170924_A12_tower_EO_12mm_0603.TIF,0.9770900280341361
604,20170924_A12_tower_EO_12mm_0604.TIF,0.9760893110865101
605,20170924_A12_tower_EO_12mm_0605.TIF,0.975890185392478
606,20170924_A12_tower_EO_12mm_0606.TIF,0.9752682027947882
607,20170924_A12_tower_EO_12mm_0607.TIF,0.9754171211932554
608,20170924_A12_tower_EO_12mm_0608.TIF,0.97462565624386
609,20170924_A12_tower_EO_12mm_0609.TIF,0.6983013954422125
610,20170924_A12_tower_EO_12mm_0610.TIF,0.7039140560087008
611,20170924_A12_tower_EO_12mm_0611.TIF,0.9706452048163361
612,20170924_A12_tower_EO_12mm_0612.TIF,0.9709034491673699
613,20170924_A12_tower_EO_12mm_0613.TIF,0.9703802744837636
614,20170924_A12_tower_EO_12mm_0614.TIF,0.9686387675579113
615,20170924_A12_tower_EO_12mm_0615.TIF,0.9716692702402895
616,20170924_A12_tower_EO_12mm_0616.TIF,0.970895735454118
617,20170924_A12_tower_EO_12mm_0617.TIF,0.9718301225300717
618,20170924_A12_tower_EO_12mm_0618.TIF,0.9728951799559475
619,20170924_A12_tower_EO_12mm_0619.TIF,0.9739492258814108
620,20170924_A12_tower_EO_12mm_0620.TIF,0.9750880968777654
621,20170924_A12_tower_EO_12mm_0621.TIF,0.9748464792051553
622,20170924_A12_tower_EO_12mm_0622.TIF,0.9753580034611781
623,20170924_A12_tower_EO_12mm_0623.TIF,0.9754136200025278
624,20170924_A12_tower_EO_12mm_0624.TIF,0.9745759863675167
625,20170924_A12_tower_EO_12mm_0625.TIF,0.9750517857896385
626,20170924_A12_tower_EO_12mm_0626.TIF,0.9756869005243706
627,20170924_A12_tower_EO_12mm_0627.TIF,0.9750572946144663
628,20170924_A12_tower_EO_12mm_0628.TIF,0.9743816916165807
629,20170924_A12_tower_EO_12mm_0629.TIF,0.974680374636279
630,20170924_A12_tower_EO_12mm_0630.TIF,0.6946263338087257
631,20170924_A12_tower_EO_12mm_0631.TIF,0.6969234487089265
632,20170924_A12_tower_EO_12mm_0632.TIF,0.9752668905268234
633,20170924_A12_tower_EO_12mm_0633.TIF,0.9740633208338123
634,20170924_A12_tower_EO_12mm_0634.TIF,0.9757019560055855
635,20170924_A12_tower_EO_12mm_0635.TIF,0.9745083951514908
636,20170924_A12_tower_EO_12mm_0636.TIF,0.9736148805324777
637,20170924_A12_tower_EO_12mm_0637.TIF,0.9739679098521258
638,20170924_A12_tower_EO_12mm_0638.TIF,0.9748242363200381
639,20170924_A12_tower_EO_12mm_0639.TIF,0.97518171785164
640,20170924_A12_tower_EO_12mm_0640.TIF,0.9758125050114193
641,20170924_A12_tower_EO_12mm_0641.TIF,0.9757243956953087
642,20170924_A12_tower_EO_12mm_0642.TIF,0.9771597042179176
643,20170924_A12_tower_EO_12mm_0643.TIF,0.9766902283608946
644,20170924_A12_tower_EO_12mm_0644.TIF,0.5611134470311492
645,20170924_A12_tower_EO_12mm_0645.TIF,0.5591713665711703
646,20170924_A12_tower_EO_12mm_0646.TIF,0.9756698156348048
647,20170924_A12_tower_EO_12mm_0647.TIF,0.9765045582232542
648,20170924_A12_tower_EO_12mm_0648.TIF,0.9758161162705452
649,20170924_A12_tower_EO_12mm_0649.TIF,0.975096890073602
650,20170924_A12_tower_EO_12mm_0650.TIF,0.9761318047330048
651,20170924_A12_tower_EO_12mm_0651.TIF,0.9745980958240271
652,20170924_A12_tower_EO_12mm_0652.TIF,0.9748932322120104
653,20170924_A12_tower_EO_12mm_0653.TIF,0.974622239701771
654,20170924_A12_tower_EO_12mm_0654.TIF,0.974284061776035
655,20170924_A12_tower_EO_12mm_0655.TIF,0.973222032734611
656,20170924_A12_tower_EO_12mm_0656.TIF,0.9729794541022114
657,20170924_A12_tower_EO_12mm_0657.TIF,0.9733173327941936
658,20170924_A12_tower_EO_12mm_0658.TIF,0.9716621246627184
659,20170924_A12_tower_EO_12mm_0659.TIF,0.9715221749181205
660,20170924_A12_tower_EO_12mm_0660.TIF,0.9477380172152783
661,20170924_A12_tower_EO_12mm_0661.TIF,0.9483879150813879
662,20170924_A12_tower_EO_12mm_0662.TIF,0.9726207850147214
663,20170924_A12_tower_EO_12mm_0663.TIF,0.9724878999362947
664,20170924_A12_tower_EO_12mm_0664.TIF,0.9723150763752766
665,20170924_A12_tower_EO_12mm_0665.TIF,0.9714665158298453
666,20170924_A12_tower_EO_12mm_0666.TIF,0.9734280779725328
667,20170924_A12_tower_EO_12mm_0667.TIF,0.9753406782616465
668,20170924_A12_tower_EO_12mm_0668.TIF,0.97600695851986
669,20170924_A12_tower_EO_12mm_0669.TIF,0.9757791223377481
670,20170924_A12_tower_EO_12mm_0670.TIF,0.9767851496051717
671,20170924_A12_tower_EO_12mm_0671.TIF,0.9766126922959338
672,20170924_A12_tower_EO_12mm_0672.TIF,0.9780506007361398
673,20170924_A12_tower_EO_12mm_0673.TIF,0.9788037798304388
674,20170924_A12_tower_EO_12mm_0674.TIF,0.9783901588222718
675,20170924_A12_tower_EO_12mm_0675.TIF,0.9770258203974347
676,20170924_A12_tower_EO_12mm_0676.TIF,0.9784134554125083
677,20170924_A12_tower_EO_12mm_0677.TIF,0.9796016275523932
678,20170924_A12_tower_EO_12mm_0678.TIF,0.9792332331668127
679,20170924_A12_tower_EO_12mm_0679.TIF,0.9787055459519347
680,20170924_A12_tower_EO_12mm_0680.TIF,0.9792197888226547
681,20170924_A12_tower_EO_12mm_0681.TIF,0.9795994931439665
682,20170924_A12_tower_EO_12mm_0682.TIF,0.9804367525932787
683,20170924_A12_tower_EO_12mm_0683.TIF,0.9789328631445944
684,20170924_A12_tower_EO_12mm_0684.TIF,0.9785291386361383
685,20170924_A12_tower_EO_12mm_0685.TIF,0.9782340606157444
686,20170924_A12_tower_EO_12mm_0686.TIF,0.6108621902508663
687,20170924_A12_tower_EO_12mm_0687.TIF,0.6112229752602099
688,20170924_A12_tower_EO_12mm_0688.TIF,0.9783013377380008
689,20170924_A12_tower_EO_12mm_0689.TIF,0.9790044590848386
690,20170924_A12_tower_EO_12mm_0690.TIF,0.9775024486977235
691,20170924_A12_tower_EO_12mm_0691.TIF,0.9778438442688908
692,20170924_A12_tower_EO_12mm_0692.TIF,0.9768430081478509
693,20170924_A12_tower_EO_12mm_0693.TIF,0.976487340159226
694,20170924_A12_tower_EO_12mm_0694.TIF,0.9785085532012756
695,20170924_A12_tower_EO_12mm_0695.TIF,0.9774350489133156
696,20170924_A12_tower_EO_12mm_0696.TIF,0.9778961235401635
697,20170924_A12_tower_EO_12mm_0697.TIF,0.9802779310813055
698,20170924_A12_tower_EO_12mm_0698.TIF,0.9776639193401304
699,20170924_A12_tower_EO_12mm_0699.TIF,0.9792609211988957
700,20170924_A12_tower_EO_12mm_0700.TIF,0.9792640497057988
701,20170924_A12_tower_EO_12mm_0701.TIF,0.9787227183749876
702,20170924_A12_tower_EO_12mm_0702.TIF,0.8506064057538486
703,20170924_A12_tower_EO_12mm_0703.TIF,0.8421660544277594
704,20170924_A12_tower_EO_12mm_0704.TIF,0.9795971304212933
705,20170924_A12_tower_EO_12mm_0705.TIF,0.9773981437525089
706,20170924_A12_tower_EO_12mm_0706.TIF,0.9757859211293637
707,20170924_A12_tower_EO_12mm_0707.TIF,0.9792373145306473
708,20170924_A12_tower_EO_12mm_0708.TIF,0.9732428726207314
709,20170924_A12_tower_EO_12mm_0709.TIF,0.9797352492301437
710,20170924_A12_tower_EO_12mm_0710.TIF,0.9794266480936187
711,20170924_A12_tower_EO_12mm_0711.TIF,0.7697636066674468
712,20170924_A12_tower_EO_12mm_0712.TIF,0.7687055293862182
713,20170924_A12_tower_EO_12mm_0713.TIF,0.9738788450360202
714,20170924_A12_tower_EO_12mm_0714.TIF,0.9814308011858877
715,20170924_A12_tower_EO_12mm_0715.TIF,0.9808837819818444
716,20170924_A12_tower_EO_12mm_0716.TIF,0.9775133857442473
717,20170924_A12_tower_EO_12mm_0717.TIF,0.9801870941268657
718,20170924_A12_tower_EO_12mm_0718.TIF,0.9770917778127871
719,20170924_A12_tower_EO_12mm_0719.TIF,0.9784152014414333
720,20170924_A12_tower_EO_12mm_0720.TIF,0.9770802449721303
721,20170924_A12_tower_EO_12mm_0721.TIF,0.9234433391759395
722,20170924_A12_tower_EO_12mm_0722.TIF,0.929543062304242
723,20170924_A12_tower_EO_12mm_0723.TIF,0.9718899141982021
724,20170924_A12_tower_EO_12mm_0724.TIF,0.9739784917134129
725,20170924_A12_tower_EO_12mm_0725.TIF,0.9734093282580266
726,20170924_A12_tower_EO_12mm_0726.TIF,0.9700408806465962
727,20170924_A12_tower_EO_12mm_0727.TIF,0.9720230133648038
728,20170924_A12_tower_EO_12mm_0728.TIF,0.969414480253544
729,20170924_A12_tower_EO_12mm_0729.TIF,0.9708219019931232
730,20170924_A12_tower_EO_12mm_0730.TIF,0.9350213333336899
731,20170924_A12_tower_EO_12mm_0731.TIF,0.9328096974746314
732,20170924_A12_tower_EO_12mm_0732.TIF,0.9708651848126882
733,20170924_A12_tower_EO_12mm_0733.TIF,0.9720288788704156
734,20170924_A12_tower_EO_12mm_0734.TIF,0.973548693781046
735,20170924_A12_tower_EO_12mm_0735.TIF,0.9737405805132807
736,20170924_A12_tower_EO_12mm_0736.TIF,0.9714836098947054
737,20170924_A12_tower_EO_12mm_0737.TIF,0.9734975590651717
738,20170924_A12_tower_EO_12mm_0738.TIF,0.9731088407628141
739,20170924_A12_tower_EO_12mm_0739.TIF,0.9692912671724323
740,20170924_A12_tower_EO_12mm_0740.TIF,0.9737489702254475
741,20170924_A12_tower_EO_12mm_0741.TIF,0.9715598692226282
742,20170924_A12_tower_EO_12mm_0742.TIF,0.9718319983052833
743,20170924_A12_tower_EO_12mm_0743.TIF,0.972819929841505
744,20170924_A12_tower_EO_12mm_0744.TIF,0.971520077964466
745,20170924_A12_tower_EO_12mm_0745.TIF,0.9747153733054026
746,20170924_A12_tower_EO_12mm_0746.TIF,0.9723553041020432
747,20170924_A12_tower_EO_12mm_0747.TIF,0.9729187934314892
748,20170924_A12_tower_EO_12mm_0748.TIF,0.9752492610704201
749,20170924_A12_tower_EO_12mm_0749.TIF,0.9733966512404612
750,20170924_A12_tower_EO_12mm_0750.TIF,0.9764069560895419
751,20170924_A12_tower_EO_12mm_0751.TIF,0.9713818376776269
752,20170924_A12_tower_EO_12mm_0752.TIF,0.9758652496597192
753,20170924_A12_tower_EO_12mm_0753.TIF,0.9759611688660264
754,20170924_A12_tower_EO_12mm_0754.TIF,0.9739479266525586
755,20170924_A12_tower_EO_12mm_0755.TIF,0.9771811296762696
756,20170924_A12_tower_EO_12mm_0756.TIF,0.9759534443072801
757,20170924_A12_tower_EO_12mm_0757.TIF,0.9756102527605659
758,20170924_A12_tower_EO_12mm_0758.TIF,0.973858727351365
759,20170924_A12_tower_EO_12mm_0759.TIF,0.9683143108783234
760,20170924_A12_tower_EO_12mm_0760.TIF,0.974605661505864
761,20170924_A12_tower_EO_12mm_0761.TIF,0.9715116093088817
762,20170924_A12_tower_EO_12mm_0762.TIF,0.9732613958785133
763,20170924_A12_tower_EO_12mm_0763.TIF,0.9733821013539184
764,20170924_A12_tower_EO_12mm_0764.TIF,0.9669403065252867
765,20170924_A12_tower_EO_12mm_0765.TIF,0.9753571019111695
766,20170924_A12_tower_EO_12mm_0766.TIF,0.9758912909862929
767,20170924_A12_tower_EO_12mm_0767.TIF,0.9750228958151356
768,20170924_A12_tower_EO_12mm_0768.TIF,0.977439273724458
769,20170924_A12_tower_EO_12mm_0769.TIF,0.9679060329800591
770,20170924_A12_tower_EO_12mm_0770.TIF,0.9783234484324428
771,20170924_A12_tower_EO_12mm_0771.TIF,0.9783750043021381
772,20170924_A12_tower_EO_12mm_0772.TIF,0.9774732656912258
773,20170924_A12_tower_EO_12mm_0773.TIF,0.9781295078700495
774,20170924_A12_tower_EO_12mm_0774.TIF,0.9732162454128002
775,20170924_A12_tower_EO_12mm_0775.TIF,0.9215668193525256
776,20170924_A12_tower_EO_12mm_0776.TIF,0.9181951901236263
777,20170924_A12_tower_EO_12mm_0777.TIF,0.9777365889943264
778,20170924_A12_tower_EO_12mm_0778.TIF,0.9787333132097233
779,20170924_A12_tower_EO_12mm_0779.TIF,0.9775704520102138
780,20170924_A12_tower_EO_12mm_0780.TIF,0.9787285947578247
781,20170924_A12_tower_EO_12mm_0781.TIF,0.979157106815528
782,20170924_A12_tower_EO_12mm_0782.TIF,0.9783615662398287
783,20170924_A12_tower_EO_12mm_0783.TIF,0.9795472832734153
784,20170924_A12_tower_EO_12mm_0784.TIF,0.9749379164007623
785,20170924_A12_tower_EO_12mm_0785.TIF,0.9784213579904041
786,20170924_A12_tower_EO_12mm_0786.TIF,0.9776086546743323
787,20170924_A12_tower_EO_12mm_0787.TIF,0.9747138934101999
788,20170924_A12_tower_EO_12mm_0788.TIF,0.9740604006096737
789,20170924_A12_tower_EO_12mm_0789.TIF,0.9746117434542791
790,20170924_A12_tower_EO_12mm_0790.TIF,0.9729341808507542
791,20170924_A12_tower_EO_12mm_0791.TIF,0.9721808311112636
792,20170924_A12_tower_EO_12mm_0792.TIF,0.9661859666830686
793,20170924_A12_tower_EO_12mm_0793.TIF,0.9708975826497646
794,20170924_A12_tower_EO_12mm_0794.TIF,0.9712183173559034
795,20170924_A12_tower_EO_12mm_0795.TIF,0.9730149962875035
796,20170924_A12_tower_EO_12mm_0796.TIF,0.9700569059766723
797,20170924_A12_tower_EO_12mm_0797.TIF,0.9744774102823192
798,20170924_A12_tower_EO_12mm_0798.TIF,0.9746497628064789
799,20170924_A12_tower_EO_12mm_0799.TIF,0.973511103986248
800,20170924_A12_tower_EO_12mm_0800.TIF,0.972988617840119
801,20170924_A12_tower_EO_12mm_0801.TIF,0.9744890343503666
802,20170924_A12_tower_EO_12mm_0802.TIF,0.9758066054195815
803,20170924_A12_tower_EO_12mm_0803.TIF,0.9775907918237815
804,20170924_A12_tower_EO_12mm_0804.TIF,0.977456741423852
805,20170924_A12_tower_EO_12mm_0805.TIF,0.9761958599096577
806,20170924_A12_tower_EO_12mm_0806.TIF,0.9777640300634458
807,20170924_A12_tower_EO_12mm_0807.TIF,0.9764884292264534
808,20170924_A12_tower_EO_12mm_0808.TIF,0.9781820779474458
809,20170924_A12_tower_EO_12mm_0809.TIF,0.9787962976562168
810,20170924_A12_tower_EO_12mm_0810.TIF,0.9768175141741672
811,20170924_A12_tower_EO_12mm_0811.TIF,0.9798447400786613
812,20170924_A12_tower_EO_12mm_0812.TIF,0.9805355989917722
813,20170924_A12_tower_EO_12mm_0813.TIF,0.9519715540363639
814,20170924_A12_tower_EO_12mm_0814.TIF,0.9539067800104437
815,20170924_A12_tower_EO_12mm_0815.TIF,0.9795733867098534
816,20170924_A12_tower_EO_12mm_0816.TIF,0.9836552860513281
817,20170924_A12_tower_EO_12mm_0817.TIF,0.9836608523680916
818,20170924_A12_tower_EO_12mm_0818.TIF,0.9837127383106063
819,20170924_A12_tower_EO_12mm_0819.TIF,0.9829187442329266
820,20170924_A12_tower_EO_12mm_0820.TIF,0.98017836089291
821,20170924_A12_tower_EO_12mm_0821.TIF,0.9821080752309661
822,20170924_A12_tower_EO_12mm_0822.TIF,0.9804915244538874
823,20170924_A12_tower_EO_12mm_0823.TIF,0.9785288750571954
824,20170924_A12_tower_EO_12mm_0824.TIF,0.9784993949257522
825,20170924_A12_tower_EO_12mm_0825.TIF,0.976963028360533
826,20170924_A12_tower_EO_12mm_0826.TIF,0.9782667993681423
827,20170924_A12_tower_EO_12mm_0827.TIF,0.9771883977707455
828,20170924_A12_tower_EO_12mm_0828.TIF,0.9500329309806415
829,20170924_A12_tower_EO_12mm_0829.TIF,0.9561639209695156
830,20170924_A12_tower_EO_12mm_0830.TIF,0.9761825779567249
831,20170924_A12_tower_EO_12mm_0831.TIF,0.9784005175291557
832,20170924_A12_tower_EO_12mm_0832.TIF,0.9779720195975219
833,20170924_A12_tower_EO_12mm_0833.TIF,0.9726549365667679
834,20170924_A12_tower_EO_12mm_0834.TIF,0.9778912726510155
835,20170924_A12_tower_EO_12mm_0835.TIF,0.9780303489737907
836,20170924_A12_tower_EO_12mm_0836.TIF,0.978343298235627
837,20170924_A12_tower_EO_12mm_0837.TIF,0.9786573941575012
838,20170924_A12_tower_EO_12mm_0838.TIF,0.9759011400723401
839,20170924_A12_tower_EO_12mm_0839.TIF,0.9788859674185377
840,20170924_A12_tower_EO_12mm_0840.TIF,0.9779605365613991
841,20170924_A12_tower_EO_12mm_0841.TIF,0.978099002403248
842,20170924_A12_tower_EO_12mm_0842.TIF,0.9774590028667293
843,20170924_A12_tower_EO_12mm_0843.TIF,0.9758117041587222
844,20170924_A12_tower_EO_12mm_0844.TIF,0.9778025718928092
845,20170924_A12_tower_EO_12mm_0845.TIF,0.976220206842694
846,20170924_A12_tower_EO_12mm_0846.TIF,0.976073500021771
847,20170924_A12_tower_EO_12mm_0847.TIF,0.975616725568054
848,20170924_A12_tower_EO_12mm_0848.TIF,0.9747801625225122
849,20170924_A12_tower_EO_12mm_0849.TIF,0.9746164378489965
850,20170924_A12_tower_EO_12mm_0850.TIF,0.9746589702014262
851,20170924_A12_tower_EO_12mm_0851.TIF,0.9742653569648456
852,20170924_A12_tower_EO_12mm_0852.TIF,0.9733842641364808
853,20170924_A12_tower_EO_12mm_0853.TIF,0.9741253788843769
854,20170924_A12_tower_EO_12mm_0854.TIF,0.9729422886037444
855,20170924_A12_tower_EO_12mm_0855.TIF,0.9714803291407633
856,20170924_A12_tower_EO_12mm_0856.TIF,0.9315404730952862
857,20170924_A12_tower_EO_12mm_0857.TIF,0.9323501517436923
858,20170924_A12_tower_EO_12mm_0858.TIF,0.9710098258044109
859,20170924_A12_tower_EO_12mm_0859.TIF,0.9721151512829727
860,20170924_A12_tower_EO_12mm_0860.TIF,0.9719074930040932
861,20170924_A12_tower_EO_12mm_0861.TIF,0.9722989254129905
862,20170924_A12_tower_EO_12mm_0862.TIF,0.9725665702373376
863,20170924_A12_tower_EO_12mm_0863.TIF,0.9726388977621088
864,20170924_A12_tower_EO_12mm_0864.TIF,0.9734232331756538
865,20170924_A12_tower_EO_12mm_0865.TIF,0.9734475278519504
866,20170924_A12_tower_EO_12mm_0866.TIF,0.9731782020359377
867,20170924_A12_tower_EO_12mm_0867.TIF,0.9725909354376148
868,20170924_A12_tower_EO_12mm_0868.TIF,0.9713902105055879
869,20170924_A12_tower_EO_12mm_0869.TIF,0.9728476187766738
870,20170924_A12_tower_EO_12mm_0870.TIF,0.9721558668984701
871,20170924_A12_tower_EO_12mm_0871.TIF,0.9727562624399451
872,20170924_A12_tower_EO_12mm_0872.TIF,0.973323956586352
873,20170924_A12_tower_EO_12mm_0873.TIF,0.9728079235558785
874,20170924_A12_tower_EO_12mm_0874.TIF,0.9753323897194622
875,20170924_A12_tower_EO_12mm_0875.TIF,0.9759608328482725
876,20170924_A12_tower_EO_12mm_0876.TIF,0.9767937122216734
877,20170924_A12_tower_EO_12mm_0877.TIF,0.9777920245223738
878,20170924_A12_tower_EO_12mm_0878.TIF,0.9786213836573208
879,20170924_A12_tower_EO_12mm_0879.TIF,0.9786542478486823
880,20170924_A12_tower_EO_12mm_0880.TIF,0.9791864167326453
881,20170924_A12_tower_EO_12mm_0881.TIF,0.9790710668278552
882,20170924_A12_tower_EO_12mm_0882.TIF,0.9790215782605557
883,20170924_A12_tower_EO_12mm_0883.TIF,0.9780887872944957
884,20170924_A12_tower_EO_12mm_0884.TIF,0.9776441649626212
885,20170924_A12_tower_EO_12mm_0885.TIF,0.9786969340651472
886,20170924_A12_tower_EO_12mm_0886.TIF,0.9782284249108655
887,20170924_A12_tower_EO_12mm_0887.TIF,0.9789523262039385
888,20170924_A12_tower_EO_12mm_0888.TIF,0.9781094267866945
889,20170924_A12_tower_EO_12mm_0889.TIF,0.9786526454769899
890,20170924_A12_tower_EO_12mm_0890.TIF,0.9803957916984632
891,20170924_A12_tower_EO_12mm_0891.TIF,0.9806125777679215
892,20170924_A12_tower_EO_12mm_0892.TIF,0.980817656078437
893,20170924_A12_tower_EO_12mm_0893.TIF,0.9809411967074564
894,20170924_A12_tower_EO_12mm_0894.TIF,0.9815391956945273
895,20170924_A12_tower_EO_12mm_0895.TIF,0.9820970030445434
896,20170924_A12_tower_EO_12mm_0896.TIF,0.9826126308910348
897,20170924_A12_tower_EO_12mm_0897.TIF,0.9826090308637199
898,20170924_A12_tower_EO_12mm_0898.TIF,0.9827203593155275
899,20170924_A12_tower_EO_12mm_0899.TIF,0.9825920447606273
900,20170924_A12_tower_EO_12mm_0900.TIF,0.9825832384418038
901,20170924_A12_tower_EO_12mm_0901.TIF,0.9821916754323424
902,20170924_A12_tower_EO_12mm_0902.TIF,0.9821163380207092
903,20170924_A12_tower_EO_12mm_0903.TIF,0.9822475792126873
904,20170924_A12_tower_EO_12mm_0904.TIF,0.982612063352776
905,20170924_A12_tower_EO_12mm_0905.TIF,0.9831738401908716
906,20170924_A12_tower_EO_12mm_0906.TIF,0.9826322493474969
907,20170924_A12_tower_EO_12mm_0907.TIF,0.982299393063884
908,20170924_A12_tower_EO_12mm_0908.TIF,0.9818974119632808
909,20170924_A12_tower_EO_12mm_0909.TIF,0.9814245387632
910,20170924_A12_tower_EO_12mm_0910.TIF,0.9808880885238508
911,20170924_A12_tower_EO_12mm_0911.TIF,0.979312134319937
912,20170924_A12_tower_EO_12mm_0912.TIF,0.9792462892617114
913,20170924_A12_tower_EO_12mm_0913.TIF,0.9782885370675738
914,20170924_A12_tower_EO_12mm_0914.TIF,0.9776492779883661
915,20170924_A12_tower_EO_12mm_0915.TIF,0.9768115160451881
916,20170924_A12_tower_EO_12mm_0916.TIF,0.9759280863165651
917,20170924_A12_tower_EO_12mm_0917.TIF,0.9756952186448444
918,20170924_A12_tower_EO_12mm_0918.TIF,0.9749685732072909
919,20170924_A12_tower_EO_12mm_0919.TIF,0.9743832634384044
920,20170924_A12_tower_EO_12mm_0920.TIF,0.9739007074628384
921,20170924_A12_tower_EO_12mm_0921.TIF,0.9734605001107371
922,20170924_A12_tower_EO_12mm_0922.TIF,0.9719053625646419
923,20170924_A12_tower_EO_12mm_0923.TIF,0.9721389662368519
924,20170924_A12_tower_EO_12mm_0924.TIF,0.9722246547991398
925,20170924_A12_tower_EO_12mm_0925.TIF,0.9729231356931205
926,20170924_A12_tower_EO_12mm_0926.TIF,0.9736071143612844
927,20170924_A12_tower_EO_12mm_0927.TIF,0.9746588023082295
928,20170924_A12_tower_EO_12mm_0928.TIF,0.9753200079820037
929,20170924_A12_tower_EO_12mm_0929.TIF,0.9763967225888865
930,20170924_A12_tower_EO_12mm_0930.TIF,0.9767394086136157
931,20170924_A12_tower_EO_12mm_0931.TIF,0.977963271083102
932,20170924_A12_tower_EO_12mm_0932.TIF,0.9762728354448207
933,20170924_A12_tower_EO_12mm_0933.TIF,0.9745034222409377
934,20170924_A12_tower_EO_12mm_0934.TIF,0.977978847885161
935,20170924_A12_tower_EO_12mm_0935.TIF,0.9784386453724498
936,20170924_A12_tower_EO_12mm_0936.TIF,0.9799162446893035
937,20170924_A12_tower_EO_12mm_0937.TIF,0.980251881378362
938,20170924_A12_tower_EO_12mm_0938.TIF,0.9792503158512297
939,20170924_A12_tower_EO_12mm_0939.TIF,0.9795734923280206
940,20170924_A12_tower_EO_12mm_0940.TIF,0.9797774283285284
941,20170924_A12_tower_EO_12mm_0941.TIF,0.9794552011099441
942,20170924_A12_tower_EO_12mm_0942.TIF,0.9807010274459352
943,20170924_A12_tower_EO_12mm_0943.TIF,0.6462237559531685
944,20170924_A12_tower_EO_12mm_0944.TIF,0.654897154758236
945,20170924_A12_tower_EO_12mm_0945.TIF,0.9797202199875664
946,20170924_A12_tower_EO_12mm_0946.TIF,0.9777844882102527
947,20170924_A12_tower_EO_12mm_0947.TIF,0.9786440720422936
948,20170924_A12_tower_EO_12mm_0948.TIF,0.9743961317852093
949,20170924_A12_tower_EO_12mm_0949.TIF,0.9751152481009215
950,20170924_A12_tower_EO_12mm_0950.TIF,0.9747679543434248
951,20170924_A12_tower_EO_12mm_0951.TIF,0.974429186770105
952,20170924_A12_tower_EO_12mm_0952.TIF,0.974844742045201
953,20170924_A12_tower_EO_12mm_0953.TIF,0.9741339258334569
954,20170924_A12_tower_EO_12mm_0954.TIF,0.9755833742113156
955,20170924_A12_tower_EO_12mm_0955.TIF,0.9762927467590381
956,20170924_A12_tower_EO_12mm_0956.TIF,0.9735035527190136
957,20170924_A12_tower_EO_12mm_0957.TIF,0.9769170509373664
958,20170924_A12_tower_EO_12mm_0958.TIF,0.977314188889406
959,20170924_A12_tower_EO_12mm_0959.TIF,0.9771560160829397
960,20170924_A12_tower_EO_12mm_0960.TIF,0.9769315083550504
961,20170924_A12_tower_EO_12mm_0961.TIF,0.9769458261493582
962,20170924_A12_tower_EO_12mm_0962.TIF,0.9781195707765509
963,20170924_A12_tower_EO_12mm_0963.TIF,0.9779168457456197
964,20170924_A12_tower_EO_12mm_0964.TIF,0.9776366111330826
965,20170924_A12_tower_EO_12mm_0965.TIF,0.978010829694844
966,20170924_A12_tower_EO_12mm_0966.TIF,0.977560348961707
967,20170924_A12_tower_EO_12mm_0967.TIF,0.9765139915923972
968,20170924_A12_tower_EO_12mm_0968.TIF,0.9764188239588775
969,20170924_A12_tower_EO_12mm_0969.TIF,0.976790708782827
970,20170924_A12_tower_EO_12mm_0970.TIF,0.9771145988899715
971,20170924_A12_tower_EO_12mm_0971.TIF,0.9771078275826552
972,20170924_A12_tower_EO_12mm_0972.TIF,0.977857419546103
973,20170924_A12_tower_EO_12mm_0973.TIF,0.9783017405825531
974,20170924_A12_tower_EO_12mm_0974.TIF,0.9786356624402763
975,20170924_A12_tower_EO_12mm_0975.TIF,0.975991436527665
976,20170924_A12_tower_EO_12mm_0976.TIF,0.977590578693347
977,20170924_A12_tower_EO_12mm_0977.TIF,0.9775720420029673
978,20170924_A12_tower_EO_12mm_0978.TIF,0.9754736104752504
979,20170924_A12_tower_EO_12mm_0979.TIF,0.9753433445033801
980,20170924_A12_tower_EO_12mm_0980.TIF,0.9742792566070646
981,20170924_A12_tower_EO_12mm_0981.TIF,0.9754747887139379
982,20170924_A12_tower_EO_12mm_0982.TIF,0.975374816115566
983,20170924_A12_tower_EO_12mm_0983.TIF,0.97455021267167
984,20170924_A12_tower_EO_12mm_0984.TIF,0.9741384371040941
985,20170924_A12_tower_EO_12mm_0985.TIF,0.9725386740438156
986,20170924_A12_tower_EO_12mm_0986.TIF,0.9750106087517775
987,20170924_A12_tower_EO_12mm_0987.TIF,0.9730888362548511
988,20170924_A12_tower_EO_12mm_0988.TIF,0.9713704189003229
989,20170924_A12_tower_EO_12mm_0989.TIF,0.9726094284420734
990,20170924_A12_tower_EO_12mm_0990.TIF,0.9737366684804979
991,20170924_A12_tower_EO_12mm_0991.TIF,0.974400867818566
992,20170924_A12_tower_EO_12mm_0992.TIF,0.9706548632295166
993,20170924_A12_tower_EO_12mm_0993.TIF,0.9732169642566096
994,20170924_A12_tower_EO_12mm_0994.TIF,0.9733328685149802
995,20170924_A12_tower_EO_12mm_0995.TIF,0.9754119954481948
996,20170924_A12_tower_EO_12mm_0996.TIF,0.9765213215403502
997,20170924_A12_tower_EO_12mm_0997.TIF,0.9737582666787924
998,20170924_A12_tower_EO_12mm_0998.TIF,0.9786110589905169
999,20170924_A12_tower_EO_12mm_0999.TIF,0.9775307221213977
1000,20170924_A12_tower_EO_12mm_1000.TIF,0.9793687571426599
1001,20170924_A12_tower_EO_12mm_1001.TIF,0.9808795152649659
1002,20170924_A12_tower_EO_12mm_1002.TIF,0.9790609811997784
1003,20170924_A12_tower_EO_12mm_1003.TIF,0.9820239776302079
1004,20170924_A12_tower_EO_12mm_1004.TIF,0.981454958519315
1005,20170924_A12_tower_EO_12mm_1005.TIF,0.9812478645877915
1006,20170924_A12_tower_EO_12mm_1006.TIF,0.9826400929451405
1007,20170924_A12_tower_EO_12mm_1007.TIF,0.978244989499319
1008,20170924_A12_tower_EO_12mm_1008.TIF,0.9805687993517004
1009,20170924_A12_tower_EO_12mm_1009.TIF,0.980099266819558
1010,20170924_A12_tower_EO_12mm_1010.TIF,0.9793721883190601
1011,20170924_A12_tower_EO_12mm_1011.TIF,0.980655037880019
1012,20170924_A12_tower_EO_12mm_1012.TIF,0.9776328122538746
1013,20170924_A12_tower_EO_12mm_1013.TIF,0.9804742864219714
1014,20170924_A12_tower_EO_12mm_1014.TIF,0.9792125172388031
1015,20170924_A12_tower_EO_12mm_1015.TIF,0.9758805671711951
1016,20170924_A12_tower_EO_12mm_1016.TIF,0.9766376639106198
1017,20170924_A12_tower_EO_12mm_1017.TIF,0.9722944069334389
1018,20170924_A12_tower_EO_12mm_1018.TIF,0.9751418766133485
1019,20170924_A12_tower_EO_12mm_1019.TIF,0.9751764265096046
1020,20170924_A12_tower_EO_12mm_1020.TIF,0.9704082999414815
1021,20170924_A12_tower_EO_12mm_1021.TIF,0.9743110729126332
1022,20170924_A12_tower_EO_12mm_1022.TIF,0.974228209794004
1023,20170924_A12_tower_EO_12mm_1023.TIF,0.9759906439263616
1024,20170924_A12_tower_EO_12mm_1024.TIF,0.9763549463130707
1025,20170924_A12_tower_EO_12mm_1025.TIF,0.9740032137949761
1026,20170924_A12_tower_EO_12mm_1026.TIF,0.9776090488456584
1027,20170924_A12_tower_EO_12mm_1027.TIF,0.9747649809501512
1028,20170924_A12_tower_EO_12mm_1028.TIF,0.9774071534627986
1029,20170924_A12_tower_EO_12mm_1029.TIF,0.9795807935530034
1030,20170924_A12_tower_EO_12mm_1030.TIF,0.9785863680207839
1031,20170924_A12_tower_EO_12mm_1031.TIF,0.9802936619730663
1032,20170924_A12_tower_EO_12mm_1032.TIF,0.9787528799294064
1033,20170924_A12_tower_EO_12mm_1033.TIF,0.9803477576310173
1034,20170924_A12_tower_EO_12mm_1034.TIF,0.9824131645130091
1035,20170924_A12_tower_EO_12mm_1035.TIF,0.978634143681132
1036,20170924_A12_tower_EO_12mm_1036.TIF,0.9825029789748858
1037,20170924_A12_tower_EO_12mm_1037.TIF,0.9827144229751545
1038,20170924_A12_tower_EO_12mm_1038.TIF,0.9825261625447725
1039,20170924_A12_tower_EO_12mm_1039.TIF,0.9832512271146767
1040,20170924_A12_tower_EO_12mm_1040.TIF,0.9814080963879921
1041,20170924_A12_tower_EO_12mm_1041.TIF,0.9836040515283428
1042,20170924_A12_tower_EO_12mm_1042.TIF,0.9834855645225546
1043,20170924_A12_tower_EO_12mm_1043.TIF,0.983071282094859
1044,20170924_A12_tower_EO_12mm_1044.TIF,0.9834178275663933
1045,20170924_A12_tower_EO_12mm_1045.TIF,0.9826816391685258
1046,20170924_A12_tower_EO_12mm_1046.TIF,0.9835740886685118
1047,20170924_A12_tower_EO_12mm_1047.TIF,0.983503568335032
1048,20170924_A12_tower_EO_12mm_1048.TIF,0.9826335924582561
1049,20170924_A12_tower_EO_12mm_1049.TIF,0.982687403003571
1050,20170924_A12_tower_EO_12mm_1050.TIF,0.9816469097326563
1051,20170924_A12_tower_EO_12mm_1051.TIF,0.9817330957875908
1052,20170924_A12_tower_EO_12mm_1052.TIF,0.980639515601982
1053,20170924_A12_tower_EO_12mm_1053.TIF,0.9795610456586321
1054,20170924_A12_tower_EO_12mm_1054.TIF,0.9798935202566575
1055,20170924_A12_tower_EO_12mm_1055.TIF,0.9792583298487394
1056,20170924_A12_tower_EO_12mm_1056.TIF,0.978698273736584
1057,20170924_A12_tower_EO_12mm_1057.TIF,0.9779201636085969
1058,20170924_A12_tower_EO_12mm_1058.TIF,0.9772628042997704
1059,20170924_A12_tower_EO_12mm_1059.TIF,0.9764549558325831
1060,20170924_A12_tower_EO_12mm_1060.TIF,0.9749024824264361
1061,20170924_A12_tower_EO_12mm_1061.TIF,0.974459574566497
1062,20170924_A12_tower_EO_12mm_1062.TIF,0.9729070549223627
1063,20170924_A12_tower_EO_12mm_1063.TIF,0.9722009038421835
1064,20170924_A12_tower_EO_12mm_1064.TIF,0.9725651319846682
1065,20170924_A12_tower_EO_12mm_1065.TIF,0.972689557447811
1066,20170924_A12_tower_EO_12mm_1066.TIF,0.9733690560713759
1067,20170924_A12_tower_EO_12mm_1067.TIF,0.973251348871519
1068,20170924_A12_tower_EO_12mm_1068.TIF,0.9736281819879498
1069,20170924_A12_tower_EO_12mm_1069.TIF,0.9746956653342517
1070,20170924_A12_tower_EO_12mm_1070.TIF,0.975515038724315
1071,20170924_A12_tower_EO_12mm_1071.TIF,0.9753157818173553
1072,20170924_A12_tower_EO_12mm_1072.TIF,0.9750687796303786
1073,20170924_A12_tower_EO_12mm_1073.TIF,0.9767300081943131
1074,20170924_A12_tower_EO_12mm_1074.TIF,0.9767333506021119
1075,20170924_A12_tower_EO_12mm_1075.TIF,0.9765463529164601
1076,20170924_A12_tower_EO_12mm_1076.TIF,0.9768502546580875
1077,20170924_A12_tower_EO_12mm_1077.TIF,0.9771250092063242
1078,20170924_A12_tower_EO_12mm_1078.TIF,0.9779307812387841
1079,20170924_A12_tower_EO_12mm_1079.TIF,0.9786116063481876
1080,20170924_A12_tower_EO_12mm_1080.TIF,0.9783264979553944
1081,20170924_A12_tower_EO_12mm_1081.TIF,0.980314420718396
1082,20170924_A12_tower_EO_12mm_1082.TIF,0.9801853004176947
1083,20170924_A12_tower_EO_12mm_1083.TIF,0.9811257188014731
1084,20170924_A12_tower_EO_12mm_1084.TIF,0.9810093122090497
1085,20170924_A12_tower_EO_12mm_1085.TIF,0.9807009020463195
1086,20170924_A12_tower_EO_12mm_1086.TIF,0.9810740563617684
1087,20170924_A12_tower_EO_12mm_1087.TIF,0.9816356973128797
1088,20170924_A12_tower_EO_12mm_1088.TIF,0.9815841752386412
1089,20170924_A12_tower_EO_12mm_1089.TIF,0.9809567156440081
1090,20170924_A12_tower_EO_12mm_1090.TIF,0.9807719811153298
1091,20170924_A12_tower_EO_12mm_1091.TIF,0.9811192541694004
1092,20170924_A12_tower_EO_12mm_1092.TIF,0.5931914511700712
1093,20170924_A12_tower_EO_12mm_1093.TIF,0.5914647203658023
1094,20170924_A12_tower_EO_12mm_1094.TIF,0.9819463185106393
1095,20170924_A12_tower_EO_12mm_1095.TIF,0.9810897939930403
1096,20170924_A12_tower_EO_12mm_1096.TIF,0.982191719489589
1097,20170924_A12_tower_EO_12mm_1097.TIF,0.9546373595368134
1098,20170924_A12_tower_EO_12mm_1098.TIF,0.9542331034202656
1099,20170924_A12_tower_EO_12mm_1099.TIF,0.9817570982416749
1100,20170924_A12_tower_EO_12mm_1100.TIF,0.9825750125504691
1101,20170924_A12_tower_EO_12mm_1101.TIF,0.9824496475406844
1102,20170924_A12_tower_EO_12mm_1102.TIF,0.982029537802191
1103,20170924_A12_tower_EO_12mm_1103.TIF,0.9818296920079624
1104,20170924_A12_tower_EO_12mm_1104.TIF,0.9798540249613983
1105,20170924_A12_tower_EO_12mm_1105.TIF,0.9799684436096318
1106,20170924_A12_tower_EO_12mm_1106.TIF,0.9796544136951987
1107,20170924_A12_tower_EO_12mm_1107.TIF,0.9786878999431695
1108,20170924_A12_tower_EO_12mm_1108.TIF,0.9774062757037583
1109,20170924_A12_tower_EO_12mm_1109.TIF,0.9755594111714813
1110,20170924_A12_tower_EO_12mm_1110.TIF,0.9760790833474388
1111,20170924_A12_tower_EO_12mm_1111.TIF,0.9767138945938485
1112,20170924_A12_tower_EO_12mm_1112.TIF,0.9768926709537704
1113,20170924_A12_tower_EO_12mm_1113.TIF,0.977473013813335
1114,20170924_A12_tower_EO_12mm_1114.TIF,0.9779914551227321
1115,20170924_A12_tower_EO_12mm_1115.TIF,0.9780582027513561
1116,20170924_A12_tower_EO_12mm_1116.TIF,0.9772621524373954
1117,20170924_A12_tower_EO_12mm_1117.TIF,0.9773546866243407
1118,20170924_A12_tower_EO_12mm_1118.TIF,0.9766657746961662
1119,20170924_A12_tower_EO_12mm_1119.TIF,0.9761723171915532
1120,20170924_A12_tower_EO_12mm_1120.TIF,0.9748378885015783
1121,20170924_A12_tower_EO_12mm_1121.TIF,0.9744632711665636
1122,20170924_A12_tower_EO_12mm_1122.TIF,0.9752996389710069
1123,20170924_A12_tower_EO_12mm_1123.TIF,0.9748855237333744
1124,20170924_A12_tower_EO_12mm_1124.TIF,0.9752652250545878
1125,20170924_A12_tower_EO_12mm_1125.TIF,0.9747780627306125
1126,20170924_A12_tower_EO_12mm_1126.TIF,0.9754223888234026
1127,20170924_A12_tower_EO_12mm_1127.TIF,0.9757839191490474
1128,20170924_A12_tower_EO_12mm_1128.TIF,0.9774955807488646
1129,20170924_A12_tower_EO_12mm_1129.TIF,0.9786677583022924
1130,20170924_A12_tower_EO_12mm_1130.TIF,0.9795859951743879
1131,20170924_A12_tower_EO_12mm_1131.TIF,0.9807464334826247
1132,20170924_A12_tower_EO_12mm_1132.TIF,0.9811854787827577
1133,20170924_A12_tower_EO_12mm_1133.TIF,0.9821326847836043
1134,20170924_A12_tower_EO_12mm_1134.TIF,0.9809705398619946
1135,20170924_A12_tower_EO_12mm_1135.TIF,0.982447361441258
1136,20170924_A12_tower_EO_12mm_1136.TIF,0.9825238321251397
1137,20170924_A12_tower_EO_12mm_1137.TIF,0.9810750520640688
1138,20170924_A12_tower_EO_12mm_1138.TIF,0.9821237902878316
1139,20170924_A12_tower_EO_12mm_1139.TIF,0.9818641978882252
1140,20170924_A12_tower_EO_12mm_1140.TIF,0.9819886245618887
1141,20170924_A12_tower_EO_12mm_1141.TIF,0.9829155645858333
1142,20170924_A12_tower_EO_12mm_1142.TIF,0.9823121706937691
1143,20170924_A12_tower_EO_12mm_1143.TIF,0.982983235736341
1144,20170924_A12_tower_EO_12mm_1144.TIF,0.9826715872936633
1145,20170924_A12_tower_EO_12mm_1145.TIF,0.9828348891833353
1146,20170924_A12_tower_EO_12mm_1146.TIF,0.9837245812612314
1147,20170924_A12_tower_EO_12mm_1147.TIF,0.9833311115606369
1148,20170924_A12_tower_EO_12mm_1148.TIF,0.9832775418103785
1149,20170924_A12_tower_EO_12mm_1149.TIF,0.9828671667305959
1150,20170924_A12_tower_EO_12mm_1150.TIF,0.9803683885916885
1151,20170924_A12_tower_EO_12mm_1151.TIF,0.9815523180750072
1152,20170924_A12_tower_EO_12mm_1152.TIF,0.9796918492125526
1153,20170924_A12_tower_EO_12mm_1153.TIF,0.9789271510903794
1154,20170924_A12_tower_EO_12mm_1154.TIF,0.9785126506767481
1155,20170924_A12_tower_EO_12mm_1155.TIF,0.9773047532978244
1156,20170924_A12_tower_EO_12mm_1156.TIF,0.97692250548236
1157,20170924_A12_tower_EO_12mm_1157.TIF,0.9767924523819687
1158,20170924_A12_tower_EO_12mm_1158.TIF,0.976392015507078
1159,20170924_A12_tower_EO_12mm_1159.TIF,0.9778959721544572
1160,20170924_A12_tower_EO_12mm_1160.TIF,0.9773714335402485
1161,20170924_A12_tower_EO_12mm_1161.TIF,0.9773782898266573
1162,20170924_A12_tower_EO_12mm_1162.TIF,0.9781202276185892
1163,20170924_A12_tower_EO_12mm_1163.TIF,0.9778886421258821
1164,20170924_A12_tower_EO_12mm_1164.TIF,0.9780252581534936
1165,20170924_A12_tower_EO_12mm_1165.TIF,0.9756681332420196
1166,20170924_A12_tower_EO_12mm_1166.TIF,0.9763094804787552
1167,20170924_A12_tower_EO_12mm_1167.TIF,0.9763674712726167
1168,20170924_A12_tower_EO_12mm_1168.TIF,0.9762305598475848
1169,20170924_A12_tower_EO_12mm_1169.TIF,0.9760721801957991
1170,20170924_A12_tower_EO_12mm_1170.TIF,0.8112473755765796
1171,20170924_A12_tower_EO_12mm_1171.TIF,0.8161342152878139
1172,20170924_A12_tower_EO_12mm_1172.TIF,0.9771475155346454
1173,20170924_A12_tower_EO_12mm_1173.TIF,0.9779074276182724
1174,20170924_A12_tower_EO_12mm_1174.TIF,0.9802675154220366
1175,20170924_A12_tower_EO_12mm_1175.TIF,0.9808052543427858
1176,20170924_A12_tower_EO_12mm_1176.TIF,0.9278447975955693
1177,20170924_A12_tower_EO_12mm_1177.TIF,0.9294550563008296
1178,20170924_A12_tower_EO_12mm_1178.TIF,0.9801971826827353
1179,20170924_A12_tower_EO_12mm_1179.TIF,0.9813645203942477
1180,20170924_A12_tower_EO_12mm_1180.TIF,0.9814330601225605
1181,20170924_A12_tower_EO_12mm_1181.TIF,0.9815945199545436
1182,20170924_A12_tower_EO_12mm_1182.TIF,0.9826911869547045
1183,20170924_A12_tower_EO_12mm_1183.TIF,0.982417844060974
1184,20170924_A12_tower_EO_12mm_1184.TIF,0.9828002616195868
1185,20170924_A12_tower_EO_12mm_1185.TIF,0.9827923970019313
1186,20170924_A12_tower_EO_12mm_1186.TIF,0.983052383026497
1187,20170924_A12_tower_EO_12mm_1187.TIF,0.983633490842538
1188,20170924_A12_tower_EO_12mm_1188.TIF,0.9832856670665043
1189,20170924_A12_tower_EO_12mm_1189.TIF,0.9836758835628377
1190,20170924_A12_tower_EO_12mm_1190.TIF,0.9835779790052647
1191,20170924_A12_tower_EO_12mm_1191.TIF,0.9827788360298573
1192,20170924_A12_tower_EO_12mm_1192.TIF,0.9819388375316151
1193,20170924_A12_tower_EO_12mm_1193.TIF,0.9684389849551748
1194,20170924_A12_tower_EO_12mm_1194.TIF,0.969077638587151
1195,20170924_A12_tower_EO_12mm_1195.TIF,0.9817467925016264
1196,20170924_A12_tower_EO_12mm_1196.TIF,0.9819620746717022
1197,20170924_A12_tower_EO_12mm_1197.TIF,0.9825717738033369
1198,20170924_A12_tower_EO_12mm_1198.TIF,0.9817239090211161
1199,20170924_A12_tower_EO_12mm_1199.TIF,0.9819654104848381
1200,20170924_A12_tower_EO_12mm_1200.TIF,0.982447086922732
1201,20170924_A12_tower_EO_12mm_1201.TIF,0.9817578294029753
1202,20170924_A12_tower_EO_12mm_1202.TIF,0.9822041693447837
1203,20170924_A12_tower_EO_12mm_1203.TIF,0.981600720205015
1204,20170924_A12_tower_EO_12mm_1204.TIF,0.9816781037356676
1205,20170924_A12_tower_EO_12mm_1205.TIF,0.9817587331057194
1206,20170924_A12_tower_EO_12mm_1206.TIF,0.9819352762361981
1207,20170924_A12_tower_EO_12mm_1207.TIF,0.9818569294893487
1208,20170924_A12_tower_EO_12mm_1208.TIF,0.981176288197847
1209,20170924_A12_tower_EO_12mm_1209.TIF,0.980542726180363
1210,20170924_A12_tower_EO_12mm_1210.TIF,0.9809513308346328
1211,20170924_A12_tower_EO_12mm_1211.TIF,0.9801213105471257
1212,20170924_A12_tower_EO_12mm_1212.TIF,0.9798259264299287
1213,20170924_A12_tower_EO_12mm_1213.TIF,0.9799806960344669
1214,20170924_A12_tower_EO_12mm_1214.TIF,0.9795812780090881
1215,20170924_A12_tower_EO_12mm_1215.TIF,0.9798512859233061
1216,20170924_A12_tower_EO_12mm_1216.TIF,0.9802600861883856
1217,20170924_A12_tower_EO_12mm_1217.TIF,0.9797273093681523
1218,20170924_A12_tower_EO_12mm_1218.TIF,0.9789059341151708
1219,20170924_A12_tower_EO_12mm_1219.TIF,0.9783358711724984
1220,20170924_A12_tower_EO_12mm_1220.TIF,0.9793272821371123
1221,20170924_A12_tower_EO_12mm_1221.TIF,0.9803584221260598
1222,20170924_A12_tower_EO_12mm_1222.TIF,0.9810077847695023
1223,20170924_A12_tower_EO_12mm_1223.TIF,0.9818314597372407
1224,20170924_A12_tower_EO_12mm_1224.TIF,0.982060765817351
1225,20170924_A12_tower_EO_12mm_1225.TIF,0.9837091924476452
1226,20170924_A12_tower_EO_12mm_1226.TIF,0.9838335488568414
1227,20170924_A12_tower_EO_12mm_1227.TIF,0.9842700397201798
1228,20170924_A12_tower_EO_12mm_1228.TIF,0.9843487766392148
1229,20170924_A12_tower_EO_12mm_1229.TIF,0.9844815724515752
1230,20170924_A12_tower_EO_12mm_1230.TIF,0.9850468090301464
1231,20170924_A12_tower_EO_12mm_1231.TIF,0.9846243339337815
1232,20170924_A12_tower_EO_12mm_1232.TIF,0.9845158914934534
1233,20170924_A12_tower_EO_12mm_1233.TIF,0.9847247974177745
1234,20170924_A12_tower_EO_12mm_1234.TIF,0.9841701479216439
1235,20170924_A12_tower_EO_12mm_1235.TIF,0.984894167232187
1236,20170924_A12_tower_EO_12mm_1236.TIF,0.9848221645013179
1237,20170924_A12_tower_EO_12mm_1237.TIF,0.9848477297396749
1238,20170924_A12_tower_EO_12mm_1238.TIF,0.9843030086157545
1239,20170924_A12_tower_EO_12mm_1239.TIF,0.9844344697506098
1240,20170924_A12_tower_EO_12mm_1240.TIF,0.985344476060052
1241,20170924_A12_tower_EO_12mm_1241.TIF,0.9849960726254076
1242,20170924_A12_tower_EO_12mm_1242.TIF,0.9845589415966944
1243,20170924_A12_tower_EO_12mm_1243.TIF,0.9838306290007867
1244,20170924_A12_tower_EO_12mm_1244.TIF,0.9841311251831772
1245,20170924_A12_tower_EO_12mm_1245.TIF,0.9847337334621958
1246,20170924_A12_tower_EO_12mm_1246.TIF,0.9848529433423081
1247,20170924_A12_tower_EO_12mm_1247.TIF,0.9842248860914592
1248,20170924_A12_tower_EO_12mm_1248.TIF,0.9853780837757209
1249,20170924_A12_tower_EO_12mm_1249.TIF,0.9840138159413859
1250,20170924_A12_tower_EO_12mm_1250.TIF,0.9839673564768912
1251,20170924_A12_tower_EO_12mm_1251.TIF,0.9849944785037377
1252,20170924_A12_tower_EO_12mm_1252.TIF,0.985635601964198
1253,20170924_A12_tower_EO_12mm_1253.TIF,0.9856164533774971
1254,20170924_A12_tower_EO_12mm_1254.TIF,0.9849905244717342
1255,20170924_A12_tower_EO_12mm_1255.TIF,0.9851083264882856
1256,20170924_A12_tower_EO_12mm_1256.TIF,0.9853636522670043
1257,20170924_A12_tower_EO_12mm_1257.TIF,0.9851493286743389
1258,20170924_A12_tower_EO_12mm_1258.TIF,0.9865209218774815
1259,20170924_A12_tower_EO_12mm_1259.TIF,0.986221276317827
1260,20170924_A12_tower_EO_12mm_1260.TIF,0.986503363339059
1261,20170924_A12_tower_EO_12mm_1261.TIF,0.9873392949851553
1262,20170924_A12_tower_EO_12mm_1262.TIF,0.9874343610032323
1263,20170924_A12_tower_EO_12mm_1263.TIF,0.9871327959839002
1264,20170924_A12_tower_EO_12mm_1264.TIF,0.9878283888736984
1265,20170924_A12_tower_EO_12mm_1265.TIF,0.9884216016817317
1266,20170924_A12_tower_EO_12mm_1266.TIF,0.9883655257634402
1267,20170924_A12_tower_EO_12mm_1267.TIF,0.987332562603061
1268,20170924_A12_tower_EO_12mm_1268.TIF,0.9881473159003464
1269,20170924_A12_tower_EO_12mm_1269.TIF,0.9879768721484243
1270,20170924_A12_tower_EO_12mm_1270.TIF,0.9828073454059577
1271,20170924_A12_tower_EO_12mm_1271.TIF,0.983947824259665
1272,20170924_A12_tower_EO_12mm_1272.TIF,0.983337850169195
1273,20170924_A12_tower_EO_12mm_1273.TIF,0.9837227388587194
1274,20170924_A12_tower_EO_12mm_1274.TIF,0.982734087551602
1275,20170924_A12_tower_EO_12mm_1275.TIF,0.9814200810324964
1276,20170924_A12_tower_EO_12mm_1276.TIF,0.9815779578105974
1277,20170924_A12_tower_EO_12mm_1277.TIF,0.9816129845978194
1278,20170924_A12_tower_EO_12mm_1278.TIF,0.9811155780486635
1279,20170924_A12_tower_EO_12mm_1279.TIF,0.9806548923235398
1280,20170924_A12_tower_EO_12mm_1280.TIF,0.97942380197932
1281,20170924_A12_tower_EO_12mm_1281.TIF,0.9800861307075189
1282,20170924_A12_tower_EO_12mm_1282.TIF,0.9798535793230708
1283,20170924_A12_tower_EO_12mm_1283.TIF,0.979382945526486
1284,20170924_A12_tower_EO_12mm_1284.TIF,0.9787340144756574
1285,20170924_A12_tower_EO_12mm_1285.TIF,0.9790121171694345
1286,20170924_A12_tower_EO_12mm_1286.TIF,0.9799680347216743
1287,20170924_A12_tower_EO_12mm_1287.TIF,0.9791193666648613
1288,20170924_A12_tower_EO_12mm_1288.TIF,0.9800221388654194
1289,20170924_A12_tower_EO_12mm_1289.TIF,0.9790309656044341
1290,20170924_A12_tower_EO_12mm_1290.TIF,0.9785082208956473
1291,20170924_A12_tower_EO_12mm_1291.TIF,0.9787964098365486
1292,20170924_A12_tower_EO_12mm_1292.TIF,0.9786140514037993
1293,20170924_A12_tower_EO_12mm_1293.TIF,0.9792516232790162
1294,20170924_A12_tower_EO_12mm_1294.TIF,0.9796276554746525
1295,20170924_A12_tower_EO_12mm_1295.TIF,0.979174217636576
1296,20170924_A12_tower_EO_12mm_1296.TIF,0.979824714481582
1297,20170924_A12_tower_EO_12mm_1297.TIF,0.9798138026845572
1298,20170924_A12_tower_EO_12mm_1298.TIF,0.9804108396021723
1299,20170924_A12_tower_EO_12mm_1299.TIF,0.9793846143642143
1300,20170924_A12_tower_EO_12mm_1300.TIF,0.9775942754215837
1301,20170924_A12_tower_EO_12mm_1301.TIF,0.9781123511611659
1302,20170924_A12_tower_EO_12mm_1302.TIF,0.9773682461086532
1303,20170924_A12_tower_EO_12mm_1303.TIF,0.9766261238528003
1304,20170924_A12_tower_EO_12mm_1304.TIF,0.976827962393936
1305,20170924_A12_tower_EO_12mm_1305.TIF,0.9758744217667799
1306,20170924_A12_tower_EO_12mm_1306.TIF,0.9770575381167226
1307,20170924_A12_tower_EO_12mm_1307.TIF,0.9765573656066489
1308,20170924_A12_tower_EO_12mm_1308.TIF,0.9765001067621976
1309,20170924_A12_tower_EO_12mm_1309.TIF,0.977290924704048
1310,20170924_A12_tower_EO_12mm_1310.TIF,0.9768025555002399
1311,20170924_A12_tower_EO_12mm_1311.TIF,0.9775215814733561
1312,20170924_A12_tower_EO_12mm_1312.TIF,0.9778800310578337
1313,20170924_A12_tower_EO_12mm_1313.TIF,0.9781716928194583
1314,20170924_A12_tower_EO_12mm_1314.TIF,0.9790272905310917
1315,20170924_A12_tower_EO_12mm_1315.TIF,0.9788372608818826
1316,20170924_A12_tower_EO_12mm_1316.TIF,0.9775536606382083
1317,20170924_A12_tower_EO_12mm_1317.TIF,0.9781917416901174
1318,20170924_A12_tower_EO_12mm_1318.TIF,0.9789470775855098
1319,20170924_A12_tower_EO_12mm_1319.TIF,0.9801987635493938
1320,20170924_A12_tower_EO_12mm_1320.TIF,0.9798642654971186
1321,20170924_A12_tower_EO_12mm_1321.TIF,0.979941884547367
1322,20170924_A12_tower_EO_12mm_1322.TIF,0.9802202839893123
1323,20170924_A12_tower_EO_12mm_1323.TIF,0.9793839055402294
1324,20170924_A12_tower_EO_12mm_1324.TIF,0.978399797175876
1325,20170924_A12_tower_EO_12mm_1325.TIF,0.9771729925576219
1326,20170924_A12_tower_EO_12mm_1326.TIF,0.6596000496369002
1327,20170924_A12_tower_EO_12mm_1327.TIF,0.662618572208734
1328,20170924_A12_tower_EO_12mm_1328.TIF,0.975758915243432
1329,20170924_A12_tower_EO_12mm_1329.TIF,0.9760736013714938
1330,20170924_A12_tower_EO_12mm_1330.TIF,0.97555153902431
1331,20170924_A12_tower_EO_12mm_1331.TIF,0.975491741082222
1332,20170924_A12_tower_EO_12mm_1332.TIF,0.9749413384598531
1333,20170924_A12_tower_EO_12mm_1333.TIF,0.9761846148966266
1334,20170924_A12_tower_EO_12mm_1334.TIF,0.977282070754307
1335,20170924_A12_tower_EO_12mm_1335.TIF,0.9766803621989424
1336,20170924_A12_tower_EO_12mm_1336.TIF,0.9753088290113886
1337,20170924_A12_tower_EO_12mm_1337.TIF,0.9765531815453921
1338,20170924_A12_tower_EO_12mm_1338.TIF,0.9756914763014133
1339,20170924_A12_tower_EO_12mm_1339.TIF,0.9757757162521812
1340,20170924_A12_tower_EO_12mm_1340.TIF,0.9772161654714991
1341,20170924_A12_tower_EO_12mm_1341.TIF,0.9772501844234174
1342,20170924_A12_tower_EO_12mm_1342.TIF,0.9775153987449825
1343,20170924_A12_tower_EO_12mm_1343.TIF,0.9766525054121267
1344,20170924_A12_tower_EO_12mm_1344.TIF,0.9766537897975698
1345,20170924_A12_tower_EO_12mm_1345.TIF,0.9771900812234926
1346,20170924_A12_tower_EO_12mm_1346.TIF,0.9754967963248272
1347,20170924_A12_tower_EO_12mm_1347.TIF,0.9756587554264682
1348,20170924_A12_tower_EO_12mm_1348.TIF,0.9765131536246003
1349,20170924_A12_tower_EO_12mm_1349.TIF,0.9762421662753313
1350,20170924_A12_tower_EO_12mm_1350.TIF,0.9769900556432329
1351,20170924_A12_tower_EO_12mm_1351.TIF,0.9767580270203192
1352,20170924_A12_tower_EO_12mm_1352.TIF,0.9780809479764371
1353,20170924_A12_tower_EO_12mm_1353.TIF,0.978593128201395
1354,20170924_A12_tower_EO_12mm_1354.TIF,0.9800186309419507
1355,20170924_A12_tower_EO_12mm_1355.TIF,0.9796715093308093
1356,20170924_A12_tower_EO_12mm_1356.TIF,0.9775826624950754
1357,20170924_A12_tower_EO_12mm_1357.TIF,0.9780674586524721
1358,20170924_A12_tower_EO_12mm_1358.TIF,0.9785583176697727
1359,20170924_A12_tower_EO_12mm_1359.TIF,0.9777932978923662
1360,20170924_A12_tower_EO_12mm_1360.TIF,0.9768928020708387
1361,20170924_A12_tower_EO_12mm_1361.TIF,0.9776149733733288
1362,20170924_A12_tower_EO_12mm_1362.TIF,0.9781895445946146
1363,20170924_A12_tower_EO_12mm_1363.TIF,0.9779778794616502
1364,20170924_A12_tower_EO_12mm_1364.TIF,0.9778907986601648
1365,20170924_A12_tower_EO_12mm_1365.TIF,0.9791135373992707
1366,20170924_A12_tower_EO_12mm_1366.TIF,0.9801070108895393
1367,20170924_A12_tower_EO_12mm_1367.TIF,0.9809223868001524
1368,20170924_A12_tower_EO_12mm_1368.TIF,0.981714412191308
1369,20170924_A12_tower_EO_12mm_1369.TIF,0.9830901362410643
1370,20170924_A12_tower_EO_12mm_1370.TIF,0.9843797606043565
1371,20170924_A12_tower_EO_12mm_1371.TIF,0.9836079009454292
1372,20170924_A12_tower_EO_12mm_1372.TIF,0.9848464152148819
1373,20170924_A12_tower_EO_12mm_1373.TIF,0.9851543114022087
1374,20170924_A12_tower_EO_12mm_1374.TIF,0.985617043174855
1375,20170924_A12_tower_EO_12mm_1375.TIF,0.9853132695399222
1376,20170924_A12_tower_EO_12mm_1376.TIF,0.9844284804844878
1377,20170924_A12_tower_EO_12mm_1377.TIF,0.9846197908267599
1378,20170924_A12_tower_EO_12mm_1378.TIF,0.9843906193484803
1379,20170924_A12_tower_EO_12mm_1379.TIF,0.778396703796996
1380,20170924_A12_tower_EO_12mm_1380.TIF,0.7724507679575386
1381,20170924_A12_tower_EO_12mm_1381.TIF,0.9805340610672799
1382,20170924_A12_tower_EO_12mm_1382.TIF,0.9800153839881354
1383,20170924_A12_tower_EO_12mm_1383.TIF,0.9789178354736694
1384,20170924_A12_tower_EO_12mm_1384.TIF,0.9782485582710037
1385,20170924_A12_tower_EO_12mm_1385.TIF,0.9771563228235669
1386,20170924_A12_tower_EO_12mm_1386.TIF,0.9753001181090054
1387,20170924_A12_tower_EO_12mm_1387.TIF,0.973176334927922
1388,20170924_A12_tower_EO_12mm_1388.TIF,0.9721324996413894
1389,20170924_A12_tower_EO_12mm_1389.TIF,0.9709773398869652
1390,20170924_A12_tower_EO_12mm_1390.TIF,0.9711181194686245
1391,20170924_A12_tower_EO_12mm_1391.TIF,0.9712969677580426
1392,20170924_A12_tower_EO_12mm_1392.TIF,0.9710708718913141
1393,20170924_A12_tower_EO_12mm_1393.TIF,0.9713080968693042
1394,20170924_A12_tower_EO_12mm_1394.TIF,0.9708086353811554
1395,20170924_A12_tower_EO_12mm_1395.TIF,0.9697141833580766
1396,20170924_A12_tower_EO_12mm_1396.TIF,0.9699214401775946
1397,20170924_A12_tower_EO_12mm_1397.TIF,0.9697492691030936
1398,20170924_A12_tower_EO_12mm_1398.TIF,0.971479195637916
1399,20170924_A12_tower_EO_12mm_1399.TIF,0.9750970692059009
1400,20170924_A12_tower_EO_12mm_1400.TIF,0.9762950950895893
1401,20170924_A12_tower_EO_12mm_1401.TIF,0.9769957213728613
1402,20170924_A12_tower_EO_12mm_1402.TIF,0.9772414052678372
1403,20170924_A12_tower_EO_12mm_1403.TIF,0.9765864227080769
1404,20170924_A12_tower_EO_12mm_1404.TIF,0.9781087052801603
1405,20170924_A12_tower_EO_12mm_1405.TIF,0.9781717858625627
1406,20170924_A12_tower_EO_12mm_1406.TIF,0.9783212881775475
1407,20170924_A12_tower_EO_12mm_1407.TIF,0.9780934007269922
1408,20170924_A12_tower_EO_12mm_1408.TIF,0.9775843156813737
1409,20170924_A12_tower_EO_12mm_1409.TIF,0.9782215155190199
1410,20170924_A12_tower_EO_12mm_1410.TIF,0.9783556706581408
1411,20170924_A12_tower_EO_12mm_1411.TIF,0.9798500237883744
1412,20170924_A12_tower_EO_12mm_1412.TIF,0.9798617705809505
1413,20170924_A12_tower_EO_12mm_1413.TIF,0.9807430949905627
1414,20170924_A12_tower_EO_12mm_1414.TIF,0.9809476901808
1415,20170924_A12_tower_EO_12mm_1415.TIF,0.9812388145044826
1416,20170924_A12_tower_EO_12mm_1416.TIF,0.9815747089248739
1417,20170924_A12_tower_EO_12mm_1417.TIF,0.9826538388763191
1418,20170924_A12_tower_EO_12mm_1418.TIF,0.9835461249902956
1419,20170924_A12_tower_EO_12mm_1419.TIF,0.9844275729318305
1420,20170924_A12_tower_EO_12mm_1420.TIF,0.984700904299989
1421,20170924_A12_tower_EO_12mm_1421.TIF,0.985087816351942
1422,20170924_A12_tower_EO_12mm_1422.TIF,0.9856673376480194
1423,20170924_A12_tower_EO_12mm_1423.TIF,0.9862101309523261
1424,20170924_A12_tower_EO_12mm_1424.TIF,0.9861543296214476
1425,20170924_A12_tower_EO_12mm_1425.TIF,0.9858941463410629
1426,20170924_A12_tower_EO_12mm_1426.TIF,0.9858082804602167
1427,20170924_A12_tower_EO_12mm_1427.TIF,0.9858801622485402
1428,20170924_A12_tower_EO_12mm_1428.TIF,0.9860073223209135
1429,20170924_A12_tower_EO_12mm_1429.TIF,0.9858869513246707
1430,20170924_A12_tower_EO_12mm_1430.TIF,0.9854251316993817
1431,20170924_A12_tower_EO_12mm_1431.TIF,0.9860539167929349
1432,20170924_A12_tower_EO_12mm_1432.TIF,0.9863142043275617
1433,20170924_A12_tower_EO_12mm_1433.TIF,0.9848932439195272
1434,20170924_A12_tower_EO_12mm_1434.TIF,0.9843546255150329
1435,20170924_A12_tower_EO_12mm_1435.TIF,0.9841886331376067
1436,20170924_A12_tower_EO_12mm_1436.TIF,0.9833003161075174
1437,20170924_A12_tower_EO_12mm_1437.TIF,0.9820731571143719
1438,20170924_A12_tower_EO_12mm_1438.TIF,0.9800330180988145
1439,20170924_A12_tower_EO_12mm_1439.TIF,0.9802075275863085
1440,20170924_A12_tower_EO_12mm_1440.TIF,0.932369072446221
1441,20170924_A12_tower_EO_12mm_1441.TIF,0.9315719838314844
1442,20170924_A12_tower_EO_12mm_1442.TIF,0.9783528241877449
1443,20170924_A12_tower_EO_12mm_1443.TIF,0.976400521921644
1444,20170924_A12_tower_EO_12mm_1444.TIF,0.9756596204165973
1445,20170924_A12_tower_EO_12mm_1445.TIF,0.9741412624693749
1446,20170924_A12_tower_EO_12mm_1446.TIF,0.972262374920593
1447,20170924_A12_tower_EO_12mm_1447.TIF,0.9726924836725902
1448,20170924_A12_tower_EO_12mm_1448.TIF,0.9731995504576069
1449,20170924_A12_tower_EO_12mm_1449.TIF,0.9740761110396866
1450,20170924_A12_tower_EO_12mm_1450.TIF,0.9740134426464511
1451,20170924_A12_tower_EO_12mm_1451.TIF,0.9753650585812814
1452,20170924_A12_tower_EO_12mm_1452.TIF,0.9770689619341826
1453,20170924_A12_tower_EO_12mm_1453.TIF,0.9783173310799023
1454,20170924_A12_tower_EO_12mm_1454.TIF,0.9791415777543937
1455,20170924_A12_tower_EO_12mm_1455.TIF,0.9798518285000722
1456,20170924_A12_tower_EO_12mm_1456.TIF,0.9809875030654904
1457,20170924_A12_tower_EO_12mm_1457.TIF,0.9820081961691198
1458,20170924_A12_tower_EO_12mm_1458.TIF,0.9825220666264154
1459,20170924_A12_tower_EO_12mm_1459.TIF,0.9826895634958457
1460,20170924_A12_tower_EO_12mm_1460.TIF,0.9833306836694813
1461,20170924_A12_tower_EO_12mm_1461.TIF,0.9835507274946126
1462,20170924_A12_tower_EO_12mm_1462.TIF,0.9840176833386994
1463,20170924_A12_tower_EO_12mm_1463.TIF,0.9839742919688542
1464,20170924_A12_tower_EO_12mm_1464.TIF,0.9839123601870271
1465,20170924_A12_tower_EO_12mm_1465.TIF,0.9835067287924909
1466,20170924_A12_tower_EO_12mm_1466.TIF,0.9841417132210935
1467,20170924_A12_tower_EO_12mm_1467.TIF,0.983837909398213
1468,20170924_A12_tower_EO_12mm_1468.TIF,0.9831340095529428
1469,20170924_A12_tower_EO_12mm_1469.TIF,0.9823210136816705
1470,20170924_A12_tower_EO_12mm_1470.TIF,0.9817417082315903
1471,20170924_A12_tower_EO_12mm_1471.TIF,0.9672983443205835
1472,20170924_A12_tower_EO_12mm_1472.TIF,0.9668762257175169
1473,20170924_A12_tower_EO_12mm_1473.TIF,0.9816828367139022
1474,20170924_A12_tower_EO_12mm_1474.TIF,0.9830191982848135
1475,20170924_A12_tower_EO_12mm_1475.TIF,0.9835406055962995
1476,20170924_A12_tower_EO_12mm_1476.TIF,0.9827418344359101
1477,20170924_A12_tower_EO_12mm_1477.TIF,0.9829015548413176
1478,20170924_A12_tower_EO_12mm_1478.TIF,0.9840780337464955
1479,20170924_A12_tower_EO_12mm_1479.TIF,0.9837788998831226
1480,20170924_A12_tower_EO_12mm_1480.TIF,0.9844851464425961
1481,20170924_A12_tower_EO_12mm_1481.TIF,0.9844503302483819
1482,20170924_A12_tower_EO_12mm_1482.TIF,0.9852663138334021
1483,20170924_A12_tower_EO_12mm_1483.TIF,0.9851308843005983
1484,20170924_A12_tower_EO_12mm_1484.TIF,0.9853284751979682
1485,20170924_A12_tower_EO_12mm_1485.TIF,0.9856765813033501
1486,20170924_A12_tower_EO_12mm_1486.TIF,0.9860642990015169
1487,20170924_A12_tower_EO_12mm_1487.TIF,0.9852336360349885
1488,20170924_A12_tower_EO_12mm_1488.TIF,0.9862958107348067
1489,20170924_A12_tower_EO_12mm_1489.TIF,0.9867010541616059
1490,20170924_A12_tower_EO_12mm_1490.TIF,0.986307323418528
1491,20170924_A12_tower_EO_12mm_1491.TIF,0.986953635560968
1492,20170924_A12_tower_EO_12mm_1492.TIF,0.9852222729767337
1493,20170924_A12_tower_EO_12mm_1493.TIF,0.9865845315944768
1494,20170924_A12_tower_EO_12mm_1494.TIF,0.9865157447897984
1495,20170924_A12_tower_EO_12mm_1495.TIF,0.9863413354185973
1496,20170924_A12_tower_EO_12mm_1496.TIF,0.9864245333316894
1497,20170924_A12_tower_EO_12mm_1497.TIF,0.985254070943041
1498,20170924_A12_tower_EO_12mm_1498.TIF,0.9878299859506087
1499,20170924_A12_tower_EO_12mm_1499.TIF,0.987255686087495
1500,20170924_A12_tower_EO_12mm_1500.TIF,0.9863206645757766
